College Name,Location,Fees,Rating,Reviews,NIRF Ranking,College URL,Course Title,Total Fees,Course Duration,Eligibility Criteria
IIT Madras (IITM) - Indian Institute of Technology Madras,N/A,N/A,4.7/5,119 Reviews,NIRF Ranking: 1,https://www.careers360.com/university/indian-institute-of-technology-madras/btech-mechanical-engineering-course,B.Tech Mechanical Engineering at IIT Madras (IITM) Offline Course,General₹ 8.58 L,DURATION 48 Months,"The candidates should satisfy at least one of the following two criteria for admission to IIT:(1) Must have secured at least 75% aggregate marks in the Class XII (or equivalent) Board examination. The aggregate marks for SC, ST, and PwD candidates should be at least 65%. Physics, Chemistry, and Mathematics are required as compulsory subjects in Class XII (or equivalent) Board examination.(2) Must be within the category-wise top 20 percentile of successful candidates in their respective Class XII (or equivalent) board examination with Physics, Chemistry, and Mathematics as compulsory subjects.The percentile calculation will be done for the required subjects in a single academic year only. Therefore, candidates appearing for improvement in Board examinations can EITHER appear in one or more subjects and secure 75% aggregate marks (65% for SC, ST, and PwD) after improvement, OR, appear for improvement in ALL subjects to be in top 20 percentile of the corresponding academic year.• The marks scored in the following five subjects will be considered for calculating the aggregate marks and the cut-off marks for fulfilling the top 20 percentile criterion.i. Physicsii. Chemistryiii. Mathematicsiv. A language (if the candidate has taken more than one language, then the language with the higher marks will be considered)v. Any subject other than the above four (the subject with the highest marks will be considered)."
"IISc Bangalore - Indian Institute of Science, Bangalore",N/A,N/A,4.7/5,43 Reviews,NIRF Ranking: 2,https://www.careers360.com/university/indian-institute-of-science-bangalore/mtech-computer-science-and-engineering-course,M.Tech Computer Science and Engineering at IISc Bangalore Offline Course,General₹ 28.40 K,DURATION 24 Months,A Candidate must be passed Bachelor’s degree holders in Engineering/Technology or its equivalent.Bachelor’s degree holders in Physics/ Chemistry/ Mathematics/ Statistics/ Computer Science/ Electronics followed by qualifications obtained through an examination conducted by professional societies recognized by UPSC/AICTE.Master’s degree holders in Science including Physics with Electronics/ Instrumentation/Geology/ Computer Applications/ Physical Sciences/ Mathematical Sciences as applicable to individual departments offering MTech programmes.All the candidates should qualify for the Graduate Aptitude Test in Engineering (GATE) for the M.Tech program.For Sponsored Candidates: BE / B Tech or equivalent degree in Computer Science / Engineering; Information Technology; Information Science/Engineering.
IIT Bombay - Indian Institute of Technology Bombay,N/A,N/A,4.6/5,162 Reviews,NIRF Ranking: 3,https://www.careers360.com/university/indian-institute-of-technology-bombay/btech-mechanical-engineering-course,B.Tech Mechanical Engineering at IIT Bombay Offline Course,General₹ 8.69 L,DURATION 48 Months,"The candidates should satisfy at least one of the following two criteria for admission to IITs:(1) Must have secured at least 75% aggregate marks in the Class XII (or equivalent) Board examination. The aggregate marks for SC, ST, and PwD candidates should be at least 65%. Physics, Chemistry, and Mathematics are required as compulsory subjects in Class XII (or equivalent) Board examination.(2) Must be within the category-wise top 20 percentile of successful candidates in their respective Class XII (or equivalent) board examination with Physics, Chemistry, and Mathematics as compulsory subjects.The percentile calculation will be done for the required subjects in a single academic year only. Therefore, candidates appearing for improvement in Board examinations can EITHER appear in one or more subjects and secure 75% aggregate marks (65% for SC, ST, and PwD) after improvement, OR, appear for improvement in ALL subjects to be in top 20 percentile of the corresponding academic year.• The marks scored in the following five subjects will be considered for calculating the aggregate marks and the cut-off marks for fulfilling the top 20 percentile criterion.i. Physicsii. Chemistryiii. Mathematicsiv. A language (if the candidate has taken more than one language, then the language with the higher marks will be considered)v. Any subject other than the above four (the subject with the highest marks will be considered)."""
IIT Delhi - Indian Institute of Technology Delhi,N/A,N/A,4.6/5,284 Reviews,NIRF Ranking: 4,https://www.careers360.com/university/indian-institute-of-technology-delhi/btech-electrical-engineering-course,B.Tech Electrical Engineering at IIT Delhi Offline Course,General₹ 8.58 L,DURATION 48 Months,"A Candidate for admission to the four-year degree course in Engineering must have passed the Intermediate examination (10+2) of the Board of Intermediate Education with Physics, Chemistry, and Mathematics (PCM) as subjects or any other examination."
IIT Kanpur - Indian Institute of Technology Kanpur,N/A,N/A,4.4/5,161 Reviews,NIRF Ranking: 5,https://www.careers360.com/university/indian-institute-of-technology-kanpur/btech-electrical-engineering-course,B.Tech Electrical Engineering at IIT Kanpur Offline Course,General₹ 8.59 L,DURATION 48 Months,"The candidates should satisfy at least one of the following two criteria for admission to IITs:(1) Must have secured at least 75% aggregate marks in the Class XII (or equivalent) Board examination. The aggregate marks for SC, ST, and PwD candidates should be at least 65%. Physics, Chemistry, and Mathematics are required as compulsory subjects in Class XII (or equivalent) Board examination.(2) Must be within the category-wise top 20 percentile of successful candidates in their respective Class XII (or equivalent) board examination with Physics, Chemistry, and Mathematics as compulsory subjects.The percentile calculation will be done for the required subjects in a single academic year only. Therefore, candidates appearing for improvement in Board examinations can EITHER appear in one or more subjects and secure 75% aggregate marks (65% for SC, ST, and PwD) after improvement, OR, appear for improvement in ALL subjects to be in top 20 percentile of the corresponding academic year.• The marks scored in the following five subjects will be considered for calculating the aggregate marks and the cut-off marks for fulfilling the top 20 percentile criterion.i. Physicsii. Chemistryiii. Mathematicsiv. A language (if the candidate has taken more than one language, then the language with the higher marks will be considered)v. Any subject other than the above four (the subject with the highest marks will be considered)."
IIT Kharagpur - Indian Institute of Technology Kharagpur,N/A,N/A,4.7/5,326 Reviews,NIRF Ranking: 6,https://www.careers360.com/university/indian-institute-of-technology-kharagpur/btech-mechanical-engineering-course,B.Tech Mechanical Engineering at IIT Kharagpur Offline Course,General₹ 8.81 L,DURATION 48 Months,"The final examination of the 10+2 system, conducted by a Central or State Board recognized by the Association of Indian Universities (AIU).Intermediate or two-year Pre-University examination conducted by a Board or University recognized by the Association of Indian Universities.The final examination of the two-year course of the Joint Services Wing of the National Defence Academy.Senior Secondary School Examination conducted by the National Institute of Open Schooling with a minimum of five subjects.Any Public School, Board or University examination in India or in a foreign country recognized as equivalent to the 10+2 system by the AIU.H.S.C. vocational examination.A Diploma recognized by the All India Council for Technical Education (AICTE) or a State Board of Technical Education of at least 3 years duration.General Certificate Education (GCE) examination (London, Cambridge or Sri Lanka) at the Advanced (A) level.High School Certificate Examination of the Cambridge University or International Baccalaureate Diploma of the International Baccalaureate Office, Geneva.Candidates who have completed Class XII (or equivalent) examination outside India or from a Board not specified above should produce a certificate from the AIU to the effect that the examination they have passed is equivalent to the Class XII examination."
AIIMS Delhi - All India Institute of Medical Sciences New Delhi,N/A,N/A,4.6/5,23 Reviews,NIRF Ranking: 7,https://www.careers360.com/university/all-india-institute-of-medical-sciences-new-delhi/bsc-nursing-hons-course,B.Sc Nursing Hons at AIIMS Delhi Offline Course,General₹ 6.26 K,DURATION 48 Months,"The candidate should have minimum aggregate marks required in qualifying examination i.e. 10+2 or equivalent:55% for Gen/OBC (50% in case of SCs/STs categories) in aggregate in English, Physics, Chemistry and Biology50% for Gen / OBC (45% in case of SCs / STs Categories) in aggregate in English, Physics, Chemistry and either Biology OR Mathematics.Note: 2. a) Candidates who are to appear in 12th class examination under 10+2 system or an equivalent examination in March/April 2018 and whose results are likely to be declared before 30th June, 2018 are also eligible to apply for B.Sc. (Hons.) Nursing, Bachelor of Optometry andB.Sc.(Hons.) Medical Technology in Radiography Courses. b) Candidates who are due to appear at the qualifying examination, or have already appeared and are awaiting result, can also apply for admission. But such candidates must furnish proof of passing the qualifying examination with requisite percentage of marks and subjects at the time of counselling failing which their candidature will be cancelled."
IIT Roorkee - Indian Institute of Technology Roorkee,N/A,N/A,4.4/5,410 Reviews,NIRF Ranking: 8,https://www.careers360.com/university/indian-institute-of-technology-roorkee/btech-civil-engineering-course,B.Tech Civil Engineering at IIT Roorkee Offline Course,General₹ 8.90 L,DURATION 48 Months,"The final examination of the 10+2 system, conducted by a Central or State Board recognized by the Association of Indian Universities (AIU).Intermediate or two-year Pre-University examination conducted by a Board or University recognized by the Association of Indian Universities.Final examination of the two-year course of the Joint Services Wing of the National Defence Academy.Senior Secondary School Examination conducted by the National Institute of Open Schooling with a minimum of five subjects.Any Public School, Board or University examination in India or in a foreign country recognized as equivalent to the 10+2 system by the AIU.H.S.C. vocational examination.A Diploma recognized by the All India Council for Technical Education (AICTE) or a State Board of Technical Education of at least 3 years duration.General Certificate Education (GCE) examination (London, Cambridge or Sri Lanka) at the Advanced (A) level.High School Certificate Examination of the Cambridge University or International Baccalaureate Diploma of the International Baccalaureate Office, Geneva.Candidates who have completed Class XII (or equivalent) examination outside India or from a Board not specified above should produce a certificate from the AIU to the effect that the examination they have passed is equivalent to the Class XII examination.In case the Class XII examination is not a public examination, the candidate must have passed at least one public (Board or Pre-University) examination earlier."
IIT Guwahati (IITG) - Indian Institute of Technology Guwahati,N/A,N/A,4.3/5,187 Reviews,NIRF Ranking: 9,https://www.careers360.com/university/indian-institute-of-technology-guwahati/btech-mechanical-engineering-course,B.Tech Mechanical Engineering at IIT Guwahati (IITG) Offline Course,General₹ 8.54 L,DURATION 48 Months,"The candidate must be the final examination of the 10+2 system, conducted by a Central or State Board recognized by the Association of Indian Universities (AIU).Intermediate or two-year Pre-University examination conducted by a Board or University recognized by the Association of Indian Universities.Final examination of the two-year course of the Joint Services Wing of the National Defence Academy.Senior Secondary School Examination conducted by the National Institute of Open Schooling with a minimum of five subjects.Any Public School, Board or University examination in India or in a foreign country recognized as equivalent to the 10+2 system by the AIU.H.S.C. vocational examination. A Diploma recognized by the All India Council for Technical Education (AICTE) or a State Board of Technical Education of at least 3 years duration."
"JNU Delhi - Jawaharlal Nehru University, New Delhi",N/A,N/A,4.5/5,86 Reviews,NIRF Ranking: 10,https://www.careers360.com/colleges/faculty-of-technology-national-defence-academy-pune/btech-applied-electronics-and-communication-engineering-course,"B.Tech Applied Electronics and Communication Engineering at Faculty of Technology, National Defence Academy, Pune Offline Course",N/A,DURATION 48 Months,"Passed 10+2 examination with Physics and Mathematics as compulsory subjects along with one of the Chemistry/ Biotechnology/ Biology/ Technical Vocational subject/ Computer Science/ Information Technology/ Informatics Practices/ Agriculture/ Engineering Graphics/ Business Studies. Obtained at least 45% marks (40% marks in case of candidates belonging to reserved category) in the above subjects taken together. OR Passed Diploma (in Engineering and Technology) examination with at least 45% marks (40% marks in case of candidates belonging to reserved category) subject to vacancies in the First Year, in case the vacancies at lateral entry are exhausted."
"BHU Varanasi - Banaras Hindu University, Varanasi",N/A,N/A,4.4/5,505 Reviews,NIRF Ranking: 11,https://www.careers360.com/university/banaras-hindu-university-varanasi/bsc-agriculture-hons-course,B.Sc Agriculture Hons at BHU Varanasi Offline Course,General₹ 80.00 K,DURATION 48 Months,"A candidate shall be eligible for admission to B.Sc. (Hons.) Ag., if he/she has passed 10+2/Intermediate examination in agriculture or in Science (with Physics, Chemistry and Mathematics/Biology) or any other equivalent examination recognized by the University securing at least 50% marks in aggregate. For Scheduled Caste/Scheduled Tribe candidates, the eligibility will be as per the University rules."
IIT Hyderabad - Indian Institute of Technology Hyderabad,N/A,N/A,4.6/5,28 Reviews,NIRF Ranking: 12,https://www.careers360.com/university/indian-institute-of-technology-hyderabad/btech-computer-science-and-engineering-course,B.Tech Computer Science and Engineering at IIT Hyderabad Offline Course,General₹ 9.08 L,DURATION 48 Months,"The final examination of the 10+2 system, conducted by a Central or State Board recognized by the Association of Indian Universities (AIU).intermediate or two-year Pre-University examination conducted by a Board or University recognized by the Association of Indian Universities.Final examination of the two-year course of the Joint Services Wing of the National Defence Academy.Senior Secondary School Examination conducted by the National Institute of Open Schooling with a minimum of five subjects.Any Public School, Board or University examination in India or in a foreign country recognized as equivalent to the 10+2 system by the AIU.H.S.C. vocational examination.A Diploma recognized by the All India Council for Technical Education (AICTE) or a State Board of Technical Education of at least 3 years duration.General Certificate Education (GCE) examination (London, Cambridge or Sri Lanka) at the Advanced (A) level.High School Certificate Examination of the Cambridge University or International Baccalaureate Diploma of the International Baccalaureate Office, Geneva.Candidates who have completed Class XII (or equivalent) examination outside India or from a Board not specified above should produce a certificate from the AIU to the effect that the examination they have passed is equivalent to the Class XII examination.In case the Class XII examination is not a public examination, the candidate must have passed at least one public (Board or Pre-University) examination earlier."
"JMI New Delhi - Jamia Millia Islamia, New Delhi",N/A,N/A,4.5/5,405 Reviews,NIRF Ranking: 13,https://www.careers360.com/university/jamia-millia-islamia-new-delhi/btech-civil-engineering-course,,,,
"Manipal Academy of Higher Education (MAHE) - Manipal Academy of Higher Education, Manipal",N/A,N/A,4.5/5,31 Reviews,NIRF Ranking: 14,https://www.careers360.com/colleges/manipal-institute-of-technology-manipal/btech-computer-science-and-engineering-course,,,,
"DU Delhi - University of Delhi, Delhi",N/A,N/A,4.2/5,280 Reviews,NIRF Ranking: 15,https://www.careers360.com/colleges/lady-irwin-college-new-delhi/bsc-home-science-course,,,,
"AMU Aligarh - Aligarh Muslim University, Aligarh",N/A,N/A,4.7/5,417 Reviews,NIRF Ranking: 16,https://www.careers360.com/colleges/zakir-husain-college-of-engineering-and-technology-aligarh-muslim-university-aligarh/btech-mechanical-engineering-course,,,,
"Jadavpur University, Kolkata",N/A,N/A,4.6/5,231 Reviews,NIRF Ranking: 17,https://www.careers360.com/university/jadavpur-university-kolkata/be-civil-engineering-course,,,,
"Amrita Vishwa Vidyapeetham, Coimbatore",N/A,N/A,4.3/5,121 Reviews,NIRF Ranking: 18,https://www.careers360.com/colleges/amrita-school-of-engineering-coimbatore/btech-computer-science-and-engineering-course,,,,
"VIT Vellore - Vellore Institute of Technology, Vellore",N/A,N/A,4.4/5,798 Reviews,NIRF Ranking: 19,https://www.careers360.com/colleges/vellore-institute-of-technology-chennai-campus/btech-computer-science-and-engineering-course,,,,
"SRM University Chennai - SRM Institute of Science and Technology, Chennai",N/A,N/A,4.3/5,736 Reviews,NIRF Ranking: 21,https://www.careers360.com/university/srm-institute-of-science-and-technology-chennai/btech-electronics-and-communication-engineering-course,,,,
"BITS Pilani - Birla Institute of Technology and Science, Pilani",N/A,N/A,4.5/5,266 Reviews,NIRF Ranking: 23,https://www.careers360.com/university/birla-institute-of-technology-and-science-pilani/bpharma-hons-course,,,,
"Siksha 'O' Anusandhan, Bhubaneswar",N/A,N/A,4.1/5,151 Reviews,NIRF Ranking: 24,https://www.careers360.com/university/siksha-o-anusandhan-bhubaneswar/btech-computer-science-and-engineering-course,,,,
"University of Hyderabad - University of Hyderabad, Hyderabad",N/A,N/A,4.8/5,37 Reviews,NIRF Ranking: 25,https://www.careers360.com/university/university-of-hyderabad-hyderabad/msc-mathematics-course,,,,
"Calcutta University - University of Calcutta, Kolkata",N/A,N/A,4.2/5,57 Reviews,NIRF Ranking: 26,https://www.careers360.com/colleges/bangabasi-college-kolkata/bsc-course,,,,
"Homi Bhabha National Institute, Mumbai",N/A,N/A,N/A,N/A,NIRF Ranking: 27,https://www.careers360.com/colleges/tata-memorial-hospital-mumbai/mch-surgical-oncology-course,,,,
"KIIT University - Kalinga Institute of Industrial Technology, Bhubaneswar",N/A,N/A,4.3/5,567 Reviews,NIRF Ranking: 28,https://www.careers360.com/university/kalinga-institute-of-industrial-technology-bhubaneswar/btech-computer-science-and-engineering-course,,,,
IIT Gandhinagar (IIT GN) - Indian Institute of Technology Gandhinagar,N/A,N/A,4.4/5,21 Reviews,NIRF Ranking: 29,https://www.careers360.com/university/indian-institute-of-technology-gandhinagar/msc-chemistry-course,,,,
IIT BHU - Indian Institute of Technology Banaras Hindu University Varanasi,N/A,N/A,4.6/5,161 Reviews,NIRF Ranking: 30,https://www.careers360.com/university/indian-institute-of-technology-banaras-hindu-university-varanasi/btech-chemical-engineering-course,,,,
NIT Trichy - National Institute of Technology Tiruchirappalli,N/A,N/A,4.4/5,305 Reviews,NIRF Ranking: 31,https://www.careers360.com/university/national-institute-of-technology-tiruchirappalli/btech-computer-science-and-engineering-course,,,,
IIT Indore - Indian Institute of Technology Indore,N/A,N/A,4.6/5,36 Reviews,NIRF Ranking: 33,https://www.careers360.com/university/indian-institute-of-technology-indore/btech-mechanical-engineering-course,,,,
NIT Rourkela - National Institute of Technology Rourkela,N/A,N/A,4.6/5,341 Reviews,NIRF Ranking: 34,https://www.careers360.com/university/national-institute-of-technology-rourkela/btech-computer-science-and-engineering-course,,,,
IIT ISM Dhanbad - Indian Institute of Technology Indian School of Mines Dhanbad,N/A,N/A,4.3/5,204 Reviews,NIRF Ranking: 35,https://www.careers360.com/university/indian-institute-of-technology-indian-school-of-mines-dhanbad/btech-computer-science-and-engineering-course,,,,
"JSS Academy of Higher Education and Research, Mysuru",N/A,N/A,4.2/5,2 Reviews,NIRF Ranking: 36,https://www.careers360.com/colleges/school-of-life-sciences-jss-academy-of-higher-education-and-research-mysuru/msc-microbiology-course,,,,
"UNIPUNE (Pune University) - Savitribai Phule Pune University, Pune",N/A,N/A,4.3/5,72 Reviews,NIRF Ranking: 37,https://www.careers360.com/colleges/fergusson-college-pune/bsc-course,,,,
"Kerala University - University of Kerala, Thiruvananthapuram",N/A,N/A,4.5/5,4 Reviews,NIRF Ranking: 38,https://www.careers360.com/colleges/university-college-of-engineering-kariavattom/btech-computer-science-and-engineering-course,,,,
JIPMER Puducherry - Jawaharlal Institute of Postgraduate Medical Education and Research Puducherry,N/A,N/A,4.8/5,6 Reviews,NIRF Ranking: 39,https://www.careers360.com/university/jawaharlal-institute-of-postgraduate-medical-education-and-research-puducherry/bsc-nursing-course,,,,
"KL University Guntur - Koneru Lakshmaiah Education Foundation, Guntur",N/A,N/A,4.4/5,151 Reviews,NIRF Ranking: 40,https://www.careers360.com/university/koneru-lakshmaiah-education-foundation-guntur/btech-electronics-and-communication-engineering-course,,,,
IISER Pune - Indian Institute of Science Education and Research Pune,N/A,N/A,4.1/5,8 Reviews,NIRF Ranking: 42,https://www.careers360.com/university/indian-institute-of-science-education-and-research-pune/phd-biology-course,,,,
"Thapar Institute of Engineering and Technology, Patiala",N/A,N/A,4.3/5,337 Reviews,NIRF Ranking: 43,https://www.careers360.com/university/thapar-institute-of-engineering-and-technology-patiala/be-computer-engineering-course,,,,
"Bharathiar University - Bharathiar University, Coimbatore",N/A,N/A,4.1/5,13 Reviews,NIRF Ranking: 44,https://www.careers360.com/colleges/cms-college-of-science-and-commerce-coimbatore/bca-course,,,,
"LPU Jalandhar - Lovely Professional University, Phagwara",N/A,N/A,4.4/5,1151 Reviews,NIRF Ranking: 45,https://www.careers360.com/university/lovely-professional-university-phagwara/phd-geography-course,,,,
NIT Surathkal (NITK) - National Institute of Technology Karnataka Surathkal,N/A,N/A,4.4/5,95 Reviews,NIRF Ranking: 46,https://www.careers360.com/university/national-institute-of-technology-karnataka-surathkal/btech-mechanical-engineering-course,,,,
"SASTRA University Thanjavur - Shanmugha Arts Science Technology Research and Academy, Thanjavur",N/A,N/A,4.2/5,183 Reviews,NIRF Ranking: 47,https://www.careers360.com/university/shanmugha-arts-science-technology-research-and-academy-thanjavur/mca-online-course,,,,
IIT Ropar (IIT-RPR) - Indian Institute of Technology Ropar,N/A,N/A,4.5/5,126 Reviews,NIRF Ranking: 48,https://www.careers360.com/university/indian-institute-of-technology-ropar/btech-computer-science-and-engineering-course,,,,
"Amity University, Noida",N/A,N/A,4.1/5,400 Reviews,NIRF Ranking: 49,https://www.careers360.com/colleges/amity-school-of-engineering-noida/btech-computer-science-and-engineering-course,,,,
"Kalasalingam Academy of Research and Education, Virudhunagar",N/A,N/A,4.0/5,35 Reviews,NIRF Ranking: 50,https://www.careers360.com/university/kalasalingam-academy-of-research-and-education-virudhunagar/btech-computer-science-and-engineering-course,,,,
"CUSAT Kochi - Cochin University of Science and Technology, Kochi",N/A,N/A,4.3/5,36 Reviews,NIRF Ranking: 51,https://www.careers360.com/colleges/school-of-engineering-cochin-university-of-science-and-technology-ernakulam/btech-marine-engineering-course,,,,
NIT Warangal - National Institute of Technology Warangal,N/A,N/A,4.6/5,142 Reviews,NIRF Ranking: 53,https://www.careers360.com/university/national-institute-of-technology-warangal/btech-computer-science-and-engineering-course,,,,
NIT Calicut - National Institute of Technology Calicut,N/A,N/A,4.3/5,154 Reviews,NIRF Ranking: 54,https://www.careers360.com/university/national-institute-of-technology-calicut/btech-chemical-engineering-course,,,,
"Bharathidasan University - Bharathidasan University, Tiruchirappalli",N/A,N/A,4.2/5,7 Reviews,NIRF Ranking: 55,https://www.careers360.com/colleges/bishop-heber-college-tiruchirappalli/bca-self-finance-course,,,,
"ICT Mumbai - Institute of Chemical Technology, Mumbai",N/A,N/A,4.5/5,25 Reviews,NIRF Ranking: 56,https://www.careers360.com/university/institute-of-chemical-technology-mumbai/be-chemical-engineering-course,,,,
"Gauhati University - Gauhati University, Guwahati",N/A,N/A,3.9/5,28 Reviews,NIRF Ranking: 57,https://www.careers360.com/colleges/madhab-choudhury-college-barpeta/bsc-course,,,,
"BBAU Lucknow - Babasaheb Bhimrao Ambedkar University, Lucknow",N/A,N/A,4.4/5,46 Reviews,NIRF Ranking: 58,https://www.careers360.com/university/babasaheb-bhimrao-ambedkar-university-lucknow/msc-mathematics-course,,,,
"Panjab University (PUCHD) - Panjab University, Chandigarh",N/A,N/A,4.2/5,127 Reviews,NIRF Ranking: 60,https://www.careers360.com/colleges/dav-college-chandigarh/bsc-non-medical-course,,,,
IISER Kolkata - Indian Institute of Science Education and Research Kolkata,N/A,N/A,3.9/5,4 Reviews,NIRF Ranking: 61,https://www.careers360.com/university/indian-institute-of-science-education-and-research-kolkata/ms-chemical-sciences-course,,,,
"Jamia Hamdard, New Delhi",N/A,N/A,4.4/5,111 Reviews,NIRF Ranking: 62,https://www.careers360.com/university/jamia-hamdard-new-delhi/btech-computer-science-and-engineering-course,,,,
IISER Mohali - Indian Institute of Science Education and Research Mohali,N/A,N/A,4.3/5,10 Reviews,NIRF Ranking: 64,https://www.careers360.com/university/indian-institute-of-science-education-and-research-mohali/phd-biological-sciences-course,,,,
"Madras University - University of Madras, Chennai",N/A,N/A,4.4/5,9 Reviews,NIRF Ranking: 64,https://www.careers360.com/colleges/sri-sankara-arts-and-science-college-kancheepuram/bca-course,,,,
"DTU Delhi - Delhi Technological University, Delhi",N/A,N/A,4.5/5,443 Reviews,NIRF Ranking: 66,https://www.careers360.com/university/delhi-technological-university-delhi/btech-computer-science-and-engineering-course,,,,
"MG University (MGU) - Mahatma Gandhi University, Kottayam",N/A,N/A,3.6/5,6 Reviews,NIRF Ranking: 67,https://www.careers360.com/colleges/nagarjuna-government-college-nalgonda/bsc-life-sciences-course,,,,
IIT Jodhpur - Indian Institute of Technology Jodhpur,N/A,N/A,4.4/5,68 Reviews,NIRF Ranking: 68,https://www.careers360.com/university/indian-institute-of-technology-jodhpur/btech-computer-science-and-engineering-course,,,,
"Kashmir University - University of Kashmir, Srinagar",N/A,N/A,4.0/5,20 Reviews,NIRF Ranking: 69,https://www.careers360.com/colleges/government-degree-college-for-women-anantnag/bsc-home-science-course,,,,
"Osmania University - Osmania University, Hyderabad",N/A,N/A,4.0/5,52 Reviews,NIRF Ranking: 70,https://www.careers360.com/colleges/lords-institute-of-engineering-and-technology-hyderabad/btech-computer-science-and-engineering-course,,,,
"DMIHER - Datta Meghe Institute of Higher Education and Research, Wardha",N/A,N/A,4.4/5,5 Reviews,NIRF Ranking: 71,https://www.careers360.com/colleges/smt-radhikabai-meghe-memorial-college-of-nursing-wardha/bsc-nursing-course,,,,
IIT Mandi - Indian Institute of Technology Mandi,N/A,N/A,4.4/5,27 Reviews,NIRF Ranking: 72,https://www.careers360.com/university/indian-institute-of-technology-mandi/btech-computer-science-and-engineering-course,,,,
IIT Patna - Indian Institute of Technology Patna,N/A,N/A,4.7/5,55 Reviews,NIRF Ranking: 73,https://www.careers360.com/university/indian-institute-of-technology-patna/btech-mechanical-engineering-course,,,,
AIIMS Rishikesh - All India Institute of Medical Sciences Rishikesh,N/A,N/A,4.7/5,7 Reviews,NIRF Ranking: 74,https://www.careers360.com/university/all-india-institute-of-medical-sciences-rishikesh/bsc-nursing-hons-course,,,,
ISI Kolkata - Indian Statistical Institute Kolkata,N/A,N/A,4.0/5,14 Reviews,NIRF Ranking: 75,https://www.careers360.com/university/indian-statistical-institute-kolkata/bachelor-of-mathematics-hons-course,,,,
"Alagappa University - Alagappa University, Karaikudi",N/A,N/A,4.2/5,4 Reviews,NIRF Ranking: 76,https://www.careers360.com/colleges/remo-international-college-chennai/bsc-aviation-course,,,,
VNIT Nagpur - Visvesvaraya National Institute of Technology Nagpur,N/A,N/A,4.2/5,124 Reviews,NIRF Ranking: 77,https://www.careers360.com/university/visvesvaraya-national-institute-of-technology-nagpur/btech-civil-engineering-course,,,,
IISER Bhopal - Indian Institute of Science Education and Research Bhopal,N/A,N/A,4.3/5,12 Reviews,NIRF Ranking: 78,https://www.careers360.com/university/indian-institute-of-science-education-and-research-bhopal/msc-mathematics-course,,,,
"Graphic Era University, Dehradun",N/A,N/A,4.1/5,193 Reviews,NIRF Ranking: 79,https://www.careers360.com/university/graphic-era-university-dehradun/btech-computer-science-and-engineering-course,,,,
"PAU Ludhiana - Punjab Agricultural University, Ludhiana",N/A,N/A,4.2/5,7 Reviews,NIRF Ranking: 80,https://www.careers360.com/university/punjab-agricultural-university-ludhiana/bsc-agriculture-hons-course,,,,
"SSN College of Engineering - Sri Sivasubramaniya Nadar College of Engineering, Kalavakkam",N/A,N/A,4.6/5,65 Reviews,NIRF Ranking: 81,https://www.careers360.com/colleges/sri-sivasubramaniya-nadar-college-of-engineering-kalavakkam/btech-information-technology-course,,,,
MNIT Jaipur - Malaviya National Institute of Technology Jaipur,N/A,N/A,4.3/5,277 Reviews,NIRF Ranking: 82,https://www.careers360.com/university/malaviya-national-institute-of-technology-jaipur/btech-electronics-and-communication-engineering-course,,,,
AIIMS Jodhpur - All India Institute of Medical Sciences Jodhpur,N/A,N/A,4.6/5,4 Reviews,NIRF Ranking: 83,https://www.careers360.com/university/all-india-institute-of-medical-sciences-jodhpur/bsc-nursing-hons-course,,,,
"Sathyabama University - Sathyabama Institute of Science and Technology, Chennai",N/A,N/A,4.2/5,164 Reviews,NIRF Ranking: 85,https://www.careers360.com/university/sathyabama-institute-of-science-and-technology-chennai/be-computer-science-and-engineering-course,,,,
"Mysore University - University of Mysore, Mysore",N/A,N/A,4.2/5,22 Reviews,NIRF Ranking: 86,https://www.careers360.com/colleges/jss-college-of-arts-commerce-and-science-mysore/bca-course,,,,
"Jammu University - University of Jammu, Jammu",N/A,N/A,3.7/5,50 Reviews,NIRF Ranking: 87,https://www.careers360.com/colleges/model-institute-of-engineering-and-technology-jammu/be-computer-science-and-engineering-course,,,,
"KGMU Lucknow - King George's Medical University, Lucknow",N/A,N/A,4.6/5,19 Reviews,NIRF Ranking: 88,https://www.careers360.com/university/king-georges-medical-university-lucknow/bsc-nursing-course,,,,
"Shoolini University Solan - Shoolini University of Biotechnology and Management Sciences, Solan",N/A,N/A,4.4/5,173 Reviews,NIRF Ranking: 89,https://www.careers360.com/university/shoolini-university-of-biotechnology-and-management-sciences-solan/bpharma-course,,,,
"Christ University - Christ University, Bangalore",N/A,N/A,4.2/5,460 Reviews,NIRF Ranking: 90,https://www.careers360.com/colleges/christ-university-kengeri-campus-bengaluru/btech-computer-science-and-engineering-course,,,,
"Bharath Institute of Higher Education and Research, Chennai",N/A,N/A,3.8/5,70 Reviews,NIRF Ranking: 91,https://www.careers360.com/university/bharath-institute-of-higher-education-and-research-chennai/btech-computer-science-and-engineering-course,,,,
NIT Silchar - National Institute of Technology Silchar,N/A,N/A,4.3/5,164 Reviews,NIRF Ranking: 92,https://www.careers360.com/university/national-institute-of-technology-silchar/btech-electrical-engineering-course,,,,
NIT Durgapur - National Institute of Technology Durgapur,N/A,N/A,4.1/5,168 Reviews,NIRF Ranking: 93,https://www.careers360.com/university/national-institute-of-technology-durgapur/btech-computer-science-and-engineering-course,,,,
"Gujarat University - Gujarat University, Ahmedabad",N/A,N/A,3.8/5,20 Reviews,NIRF Ranking: 94,https://www.careers360.com/colleges/samarpan-college-of-science-and-commerce-gandhinagar/bsc-course,,,,
"Shiv Nadar University, Greater Noida",N/A,N/A,4.6/5,100 Reviews,NIRF Ranking: 95,https://www.careers360.com/university/shiv-nadar-university-greater-noida/btech-computer-science-and-engineering-course,,,,
"Sri Ramachandra Institute of Higher Education and Research, Chennai",N/A,N/A,4.3/5,3 Reviews,NIRF Ranking: 96,https://www.careers360.com/university/sri-ramachandra-institute-of-higher-education-and-research-chennai/bsc-biomedical-sciences-hons-course,,,,
"ANU Guntur - Acharya Nagarjuna University, Guntur",N/A,N/A,4.8/5,94 Reviews,NIRF Ranking: 97,https://www.careers360.com/colleges/rvr-and-jc-college-of-engineering-guntur/btech-computer-science-and-engineering-course,,,,
"TISS Mumbai - Tata Institute of Social Sciences, Mumbai",N/A,N/A,4.7/5,82 Reviews,NIRF Ranking: 98,https://www.careers360.com/university/tata-institute-of-social-sciences-mumbai/bs-analytics-and-sustainability-studies-course,,,,
AIIMS Patna - All India Institute of Medical Sciences Patna,N/A,N/A,4.8/5,2 Reviews,NIRF Ranking: 99,https://www.careers360.com/university/all-india-institute-of-medical-sciences-patna/ms-obstetrics-and-gynaecology-course,,,,
"Periyar University - Periyar University, Salem",N/A,N/A,4.4/5,13 Reviews,NIRF Ranking: 100,https://www.careers360.com/colleges/don-bosco-college-dharmapuri/bsc-mathematics-course,,,,
"Ashoka University, Sonepat",N/A,N/A,4.5/5,2 Reviews,NIRF Ranking: 101-150,https://www.careers360.com/university/ashoka-university-sonepat/phd-sociology-and-anthropology-course,,,,
"Banasthali Vidyapith, Banasthali",N/A,N/A,4.5/5,585 Reviews,NIRF Ranking: 101-150,https://www.careers360.com/university/banasthali-vidyapith-banasthali/btech-computer-science-and-engineering-course,,,,
"Bangalore University - Bangalore University, Bangalore",N/A,N/A,4.4/5,17 Reviews,NIRF Ranking: 101-150,https://www.careers360.com/colleges/padmashree-institute-of-management-and-sciences-bangalore/bsc-biotechnology-course,,,,
"BIT Mesra - Birla Institute of Technology, Mesra",N/A,N/A,4.2/5,215 Reviews,NIRF Ranking: 101-150,https://www.careers360.com/university/birla-institute-of-technology-mesra/btech-chemical-engineering-course,,,,
"Central University of Punjab, Bathinda",N/A,N/A,4.6/5,37 Reviews,NIRF Ranking: 101-150,https://www.careers360.com/colleges/department-of-pharmaceutical-sciences-and-natural-products-central-university-of-punjab-bathinda/bpharma-course,,,,
"Central University of Tamil Nadu, Thiruvarur",N/A,N/A,4.4/5,6 Reviews,NIRF Ranking: 101-150,https://www.careers360.com/university/central-university-of-tamil-nadu-thiruvarur/msc-geography-course,,,,
"CCSHAU Hisar - Chaudhary Charan Singh Haryana Agricultural University, Hisar",N/A,N/A,4.4/5,18 Reviews,NIRF Ranking: 101-150,https://www.careers360.com/university/chaudhary-charan-singh-haryana-agricultural-university-hisar/bsc-agricultural-hons-course,,,,
"Chettinad Academy of Research and Education, Kelambakkam",N/A,N/A,4.0/5,3 Reviews,NIRF Ranking: 101-150,https://www.careers360.com/colleges/chettinad-college-of-nursing-kelambakkam/bsc-nursing-course,,,,
"Chitkara University - Chitkara University, Patiala",N/A,N/A,4.2/5,313 Reviews,NIRF Ranking: 101-150,https://www.careers360.com/university/chitkara-university-patiala/be-in-computer-science-and-technology-course,,,,
"Dibrugarh University, Dibrugarh",N/A,N/A,4.1/5,13 Reviews,NIRF Ranking: 101-150,https://www.careers360.com/colleges/bahona-college-jorhat/bsc-course,,,,
NIT Jalandhar - Dr B R Ambedkar National Institute of Technology Jalandhar,N/A,N/A,4.0/5,284 Reviews,NIRF Ranking: 101-150,https://www.careers360.com/university/dr-b-r-ambedkar-national-institute-of-technology-jalandhar/btech-computer-science-and-engineering-course,,,,
"Govind Ballabh Pant University of Agriculture and Technology, Pantnagar (GBPUAT Pantnagar) - Govind Ballabh Pant University of Agriculture and Technology, Pantnagar",N/A,N/A,4.5/5,32 Reviews,NIRF Ranking: 101-150,https://www.careers360.com/colleges/college-of-technology-gb-pant-university-of-agriculture-and-technology-pantnagar/btech-agricultural-engineering-course,,,,
"GGSIPU Delhi - Guru Gobind Singh Indraprastha University, Delhi",N/A,N/A,4.2/5,118 Reviews,NIRF Ranking: 101-150,https://www.careers360.com/colleges/maharaja-agrasen-institute-of-technology-delhi/btech-computer-science-and-engineering-course,,,,
IIEST Shibpur - Indian Institute of Engineering Science and Technology Shibpur,N/A,N/A,4.3/5,141 Reviews,NIRF Ranking: 101-150,https://www.careers360.com/university/indian-institute-of-engineering-science-and-technology-shibpur/btech-civil-engineering-course,,,,
"IIST Thiruvananthapuram - Indian Institute of Space Science and Technology, Thiruvananthapuram",N/A,N/A,4.5/5,15 Reviews,NIRF Ranking: 101-150,https://www.careers360.com/university/indian-institute-of-space-science-and-technology-thiruvananthapuram/btech-aerospace-engineering-course,,,,
IIT Bhubaneswar - Indian Institute of Technology Bhubaneswar,N/A,N/A,4.3/5,32 Reviews,NIRF Ranking: 101-150,https://www.careers360.com/university/indian-institute-of-technology-bhubaneswar/btech-electrical-engineering-course,,,,
IIT Palakkad - Indian Institute of Technology Palakkad,N/A,N/A,4.1/5,21 Reviews,NIRF Ranking: 101-150,https://www.careers360.com/university/indian-institute-of-technology-palakkad/btech-civil-engineering-course,,,,
IIT Tirupati - Indian Institute of Technology Tirupati,N/A,N/A,4.6/5,16 Reviews,NIRF Ranking: 101-150,https://www.careers360.com/university/indian-institute-of-technology-tirupati/btech-electrical-engineering-course,,,,
"IIIT Hyderabad - International Institute of Information Technology, Hyderabad",N/A,N/A,4.5/5,34 Reviews,NIRF Ranking: 101-150,https://www.careers360.com/university/international-institute-of-information-technology-hyderabad/btech-computer-science-and-engineering-course,,,,
"Jain Deemed to be University, Bangalore - Jain Deemed to be University, Bangalore",N/A,N/A,4.1/5,128 Reviews,NIRF Ranking: 101-150,https://www.careers360.com/colleges/faculty-of-engineering-and-technology-jain-university-bangalore/btech-computer-science-and-engineering-course,,,,
"MMMUT Gorakhpur - Madan Mohan Malaviya University of Technology, Gorakhpur",N/A,N/A,4.2/5,185 Reviews,NIRF Ranking: 101-150,https://www.careers360.com/university/madan-mohan-malaviya-university-of-technology-gorakhpur/btech-computer-science-and-engineering-course,,,,
"Madurai Kamaraj University - Madurai Kamaraj University, Madurai",N/A,N/A,4.2/5,28 Reviews,NIRF Ranking: 101-150,https://www.careers360.com/colleges/annai-fathima-college-of-arts-and-science-madurai/bsc-computer-science-course,,,,
"MMU Ambala - Maharishi Markandeshwar University, Ambala",N/A,N/A,3.5/5,33 Reviews,NIRF Ranking: 101-150,https://www.careers360.com/colleges/maharishi-markandeshwar-institute-of-medical-sciences-and-research-mullana/ms-general-surgery-course,,,,
"MRIIRS Faridabad - Manav Rachna International Institute of Research and Studies, Faridabad",N/A,N/A,3.7/5,116 Reviews,NIRF Ranking: 101-150,https://www.careers360.com/colleges/school-of-engineering-and-technology-manav-rachna-international-institute-of-research-and-studies-faridabad/btech-computer-science-,,,,
"Manipal University, Jaipur",N/A,N/A,4.2/5,402 Reviews,NIRF Ranking: 101-150,https://www.careers360.com/colleges/online-manipal/mca-online-course,,,,
"Manonmaniam Sundaranar University, Tirunelveli",N/A,N/A,5.0/5,1 Reviews,NIRF Ranking: 101-150,https://www.careers360.com/colleges/sri-ram-nallamani-yadava-college-of-arts-and-science-tenkasi/bsc-course,,,,
"Mizoram University, Aizawl",N/A,N/A,4.3/5,11 Reviews,NIRF Ranking: 101-150,https://www.careers360.com/colleges/national-institute-of-electronics-and-information-technology-aizawl/mca-course,,,,
NIT Patna - National Institute of Technology Patna,N/A,N/A,4.0/5,66 Reviews,NIRF Ranking: 101-150,https://www.careers360.com/university/national-institute-of-technology-patna/btech-computer-science-and-engineering-course,,,,
NIT Raipur - National Institute of Technology Raipur,N/A,N/A,4.0/5,185 Reviews,NIRF Ranking: 101-150,https://www.careers360.com/university/national-institute-of-technology-raipur/btech-electrical-engineering-course,,,,
NIT Srinagar - National Institute of Technology Srinagar,N/A,N/A,3.9/5,42 Reviews,NIRF Ranking: 101-150,https://www.careers360.com/university/national-institute-of-technology-srinagar/btech-civil-engineering-course,,,,
"NSUT Delhi - Netaji Subhas University of Technology, New Delhi",N/A,N/A,4.3/5,219 Reviews,NIRF Ranking: 101-150,https://www.careers360.com/university/netaji-subhas-university-of-technology-new-delhi/btech-computer-science-and-engineering-course,,,,
"Pondicherry University - Pondicherry University, Puducherry",N/A,N/A,4.5/5,90 Reviews,NIRF Ranking: 101-150,https://www.careers360.com/colleges/sri-manakula-vinayagar-engineering-college-puducherry/btech-computer-science-and-engineering-course,,,,
"PSG Tech Coimbatore - PSG College of Technology, Coimbatore",N/A,N/A,4.5/5,133 Reviews,NIRF Ranking: 101-150,https://www.careers360.com/colleges/psg-college-of-technology-coimbatore/btech-information-technology-course,,,,
"MSRIT Bangalore - Ramaiah Institute of Technology, Bangalore",N/A,N/A,4.1/5,135 Reviews,NIRF Ranking: 101-150,https://www.careers360.com/colleges/ramaiah-institute-of-technology-bangalore/be-computer-science-and-engineering-course,,,,
"SLIET - Sant Longowal Institute of Engineering and Technology, Longowal",N/A,N/A,4.5/5,300 Reviews,NIRF Ranking: 101-150,https://www.careers360.com/university/sant-longowal-institute-of-engineering-and-technology-longowal/be-mechanical-engineering-course,,,,
"Sharda University - Sharda University, Greater Noida",N/A,N/A,4.3/5,272 Reviews,NIRF Ranking: 101-150,https://www.careers360.com/university/sharda-university-greater-noida/bpharma-course,,,,
"Sri Balaji Vidyapeeth, Pondicherry",N/A,N/A,N/A,N/A,NIRF Ranking: 101-150,https://www.careers360.com/colleges/kasturba-gandhi-nursing-college-puducherry/bsc-nursing-course,,,,
"TNAU Coimbatore - Tamil Nadu Agricultural University, Coimbatore",N/A,N/A,3.6/5,8 Reviews,NIRF Ranking: 101-150,https://www.careers360.com/colleges/agricultural-college-and-research-institute-eachangkottai/bsc-agriculture-hons-course,,,,
"Tezpur University - Tezpur University, Tezpur",N/A,N/A,4.1/5,46 Reviews,NIRF Ranking: 101-150,https://www.careers360.com/university/tezpur-university-tezpur/btech-civil-engineering-course,,,,
"UCMS Delhi - University College of Medical Sciences, University of Delhi, Delhi",N/A,N/A,4.9/5,13 Reviews,NIRF Ranking: 101-150,https://www.careers360.com/colleges/university-college-of-medical-sciences-university-of-delhi-delhi/bsc-medical-technology-radiography-course,,,,
"Calicut University - University of Calicut, Malappuram",N/A,N/A,4.3/5,3 Reviews,NIRF Ranking: 101-150,https://www.careers360.com/colleges/oriental-school-of-hotel-management-lakkidi/bsc-hotel-management-and-catering-technology-course,,,,
"Mumbai University - University of Mumbai, Mumbai",N/A,N/A,4.0/5,39 Reviews,NIRF Ranking: 101-150,https://www.careers360.com/colleges/smt-chandibai-himathmal-mansukhani-college-ulhasnagar/bsc-course,,,,
"Vignan's Foundation for Science Technology and Research, Guntur",N/A,N/A,4.1/5,69 Reviews,NIRF Ranking: 101-150,https://www.careers360.com/university/vignans-foundation-for-science-technology-and-research-guntur/btech-computer-science-and-engineering-course,,,,
"Visvesvaraya Technological University, Belagavi",N/A,N/A,4.8/5,24 Reviews,NIRF Ranking: 101-150,https://www.careers360.com/colleges/new-horizon-college-of-engineering-bangalore/be-artificial-intelligence-and-machine-learning-course,,,,
"ANGRAU Guntur - Acharya NG Ranga Agricultural University, Guntur",N/A,N/A,3.9/5,6 Reviews,NIRF Ranking: 151-200,https://www.careers360.com/colleges/agricultural-college-bapatla/bsc-agriculture-hons-course,,,,
"Amity University Gurgaon - Amity University, Gurugram",N/A,N/A,4.3/5,216 Reviews,NIRF Ranking: 151-200,https://www.careers360.com/university/amity-university-gurugram/bsc-nursing-course,,,,
"Amity University, Kolkata",N/A,N/A,4.6/5,75 Reviews,NIRF Ranking: 151-200,https://www.careers360.com/university/amity-university-kolkata/bsc-environmental-science-course,,,,
"Annamalai University - Annamalai University, Annamalai Nagar",N/A,N/A,4.1/5,23 Reviews,NIRF Ranking: 151-200,https://www.careers360.com/colleges/faculty-of-engineering-and-technology-annamalai-university-annamalai-nagar/be-chemical-engineering-course,,,,
"Avinashilingam Institute for Home Science and Higher Education for Women, Coimbatore",N/A,N/A,4.0/5,39 Reviews,NIRF Ranking: 151-200,https://www.careers360.com/university/avinashilingam-institute-for-home-science-and-higher-education-for-women-coimbatore/bsc-mathematics-self-finance-course,,,,
"BLDE University, Bijapur",N/A,N/A,4.4/5,2 Reviews,NIRF Ranking: 151-200,https://www.careers360.com/university/blde-university-bijapur/bsc-anaesthesia-technology-course,,,,
"Central University of Kerala, Kasaragod",N/A,N/A,4.7/5,36 Reviews,NIRF Ranking: 151-200,https://www.careers360.com/university/central-university-of-kerala-kasaragod/msc-zoology-course,,,,
"CEC Landran - Chandigarh Engineering College, Landran Campus, Mohali",N/A,N/A,4.5/5,111 Reviews,NIRF Ranking: 151-200,https://www.careers360.com/colleges/chandigarh-engineering-college-landran-campus-mohali/btech-computer-science-and-engineering-i-shift-course,,,,
"CIT Chennai - Chennai Institute of Technology, Chennai",N/A,N/A,4.5/5,94 Reviews,NIRF Ranking: 151-200,https://www.careers360.com/colleges/chennai-institute-of-technology-chennai/be-computer-science-and-engineering-course,,,,
"COEP Pune - COEP Technological University, Pune",N/A,N/A,4.3/5,79 Reviews,NIRF Ranking: 151-200,https://www.careers360.com/university/coep-technological-university-pune/btech-computer-engineering-course,,,,
"CV Raman Global University, Bhubaneswar",N/A,N/A,3.7/5,117 Reviews,NIRF Ranking: 151-200,https://www.careers360.com/university/cv-raman-global-university-bhubaneswar/btech-computer-science-and-engineering-course,,,,
"Dr DY Patil University, Navi Mumbai",N/A,N/A,4.4/5,18 Reviews,NIRF Ranking: 151-200,https://www.careers360.com/colleges/vijay-patil-school-of-management-navi-mumbai/bca-course,,,,
"Dr MGR Educational and Research Institute, Chennai",N/A,N/A,4.1/5,38 Reviews,NIRF Ranking: 151-200,https://www.careers360.com/university/dr-mgr-educational-and-research-institute-chennai/btech-computer-science-and-engineering-course,,,,
"YSP University - Dr Yashwant Singh Parmar University of Horticulture and Forestry, Nauni",N/A,N/A,4.1/5,11 Reviews,NIRF Ranking: 151-200,https://www.careers360.com/university/dr-yashwant-singh-parmar-university-of-horticulture-and-forestry-nauni/msc-plant-pathology-course,,,,
"Galgotias University - Galgotias University, Greater Noida",N/A,N/A,4.2/5,714 Reviews,NIRF Ranking: 151-200,https://www.careers360.com/university/galgotias-university-greater-noida/bpharma-course,,,,
"GITAM University - GITAM University, Visakhapatnam",N/A,N/A,4.0/5,185 Reviews,NIRF Ranking: 151-200,https://www.careers360.com/colleges/gitam-institute-of-technology-visakhapatnam/btech-computer-science-and-engineering-course,,,,
"GLA University, Mathura",N/A,N/A,4.3/5,429 Reviews,NIRF Ranking: 151-200,https://www.careers360.com/university/gla-university-mathura/bpharma-course,,,,
"HITS Chennai - Hindustan Institute of Technology and Science, Chennai",N/A,N/A,3.6/5,61 Reviews,NIRF Ranking: 151-200,https://www.careers360.com/university/hindustan-institute-of-technology-and-science-chennai/btech-aeronautical-engineering-course,,,,
IISER TVM - Indian Institute of Science Education and Research Thiruvananthapuram,N/A,N/A,4.3/5,2 Reviews,NIRF Ranking: 151-200,https://www.careers360.com/university/indian-institute-of-science-education-and-research-thiruvananthapuram/msc-biology-course,,,,
"Integral University, Lucknow",N/A,N/A,4.3/5,129 Reviews,NIRF Ranking: 151-200,https://www.careers360.com/university/integral-university-lucknow/bpharma-course,,,,
"Kalinga University, Raipur",N/A,N/A,4.0/5,19 Reviews,NIRF Ranking: 151-200,https://www.careers360.com/university/kalinga-university-raipur/btech-computer-science-course,,,,
"Karunya University - Karunya Institute of Technology and Sciences, Coimbatore",N/A,N/A,3.9/5,104 Reviews,NIRF Ranking: 151-200,https://www.careers360.com/university/karunya-institute-of-technology-and-sciences-coimbatore/btech-computer-science-and-engineering-course,,,,
"KLE Deemed University - KLE Academy of Higher Education and Research, Belgaum",N/A,N/A,5.0/5,1 Reviews,NIRF Ranking: 151-200,https://www.careers360.com/colleges/kle-college-of-pharmacy-bengaluru/bpharma-course,,,,
"KPRIET Coimbatore - KPR Institute of Engineering and Technology, Coimbatore",N/A,N/A,4.6/5,39 Reviews,NIRF Ranking: 151-200,https://www.careers360.com/colleges/kpr-institute-of-engineering-and-technology-coimbatore/be-computer-science-and-engineering-course,,,,
"KVV Karad - Krishna Vishwa Vidyapeeth, Karad",N/A,N/A,4.4/5,5 Reviews,NIRF Ranking: 151-200,https://www.careers360.com/university/krishna-vishwa-vidyapeeth-karad/bpharma-course,,,,
"MDU Rohtak - Maharshi Dayanand University, Rohtak",N/A,N/A,4.1/5,63 Reviews,NIRF Ranking: 151-200,https://www.careers360.com/colleges/bimla-devi-educational-societys-group-of-institutions-jb-knowledge-park-faridabad/bca-course,,,,
"Mangalore University - Mangalore University, Mangalore",N/A,N/A,5.0/5,1 Reviews,NIRF Ranking: 151-200,https://www.careers360.com/colleges/dr-g-shankar-government-womens-first-grade-college-and-pg-study-centre-udupi/bsc-chemistry-botany-and-zoology-course,,,,
"Manipur University, Imphal",N/A,N/A,4.3/5,3 Reviews,NIRF Ranking: 151-200,https://www.careers360.com/colleges/national-institute-of-electronics-and-information-technology-imphal/bca-course,,,,
MANIT Bhopal - Maulana Azad National Institute of Technology Bhopal,N/A,N/A,4.1/5,141 Reviews,NIRF Ranking: 151-200,https://www.careers360.com/university/maulana-azad-national-institute-of-technology-bhopal/btech-computer-science-and-engineering-course,,,,
"Mepco Schlenk Engineering College, Sivakasi",N/A,N/A,3.9/5,52 Reviews,NIRF Ranking: 151-200,https://www.careers360.com/colleges/mepco-schlenk-engineering-college-sivakasi/be-computer-science-and-engineering-course,,,,
MNNIT Allahabad - Motilal Nehru National Institute of Technology Allahabad Prayagraj,N/A,N/A,4.5/5,297 Reviews,NIRF Ranking: 151-200,https://www.careers360.com/university/motilal-nehru-national-institute-of-technology-allahabad-prayagraj/btech-computer-science-and-engineering-course,,,,
NIT Kurukshetra - National Institute of Technology Kurukshetra,N/A,N/A,4.1/5,217 Reviews,NIRF Ranking: 151-200,https://www.careers360.com/university/national-institute-of-technology-kurukshetra/btech-civil-engineering-course,,,,
"NIMS University, Jaipur",N/A,N/A,4.6/5,40 Reviews,NIRF Ranking: 151-200,https://www.careers360.com/university/nims-university-jaipur/bpharma-course,,,,
"NIET Greater Noida - Noida Institute of Engineering and Technology, Greater Noida",N/A,N/A,4.2/5,204 Reviews,NIRF Ranking: 151-200,https://www.careers360.com/colleges/noida-institute-of-engineering-and-technology-greater-noida/mca-course,,,,
"NEHU Shillong - North Eastern Hill University, Shillong",N/A,N/A,4.3/5,12 Reviews,NIRF Ranking: 151-200,https://www.careers360.com/university/north-eastern-hill-university-shillong/btech-biomedical-engineering-course,,,,
"OUAT Bhubaneswar - Odisha University of Agriculture and Technology, Bhubaneswar",N/A,N/A,4.0/5,45 Reviews,NIRF Ranking: 151-200,https://www.careers360.com/university/odisha-university-of-agriculture-and-technology-bhubaneswar/bsc-agriculture-hons-course,,,,
"Presidency University, Kolkata",N/A,N/A,3.9/5,19 Reviews,NIRF Ranking: 151-200,https://www.careers360.com/university/presidency-university-kolkata/bsc-life-sciences-hons-course,,,,
"PSGIMSR Coimbatore - PSG Institute of Medical Sciences and Research, Peelamedu",N/A,N/A,3.7/5,2 Reviews,NIRF Ranking: 151-200,https://www.careers360.com/colleges/psg-institute-of-medical-sciences-and-research-peelamedu/ms-obstetrics-and-gynaecology-course,,,,
"Rajalakshmi Engineering College, Chennai",N/A,N/A,4.2/5,52 Reviews,NIRF Ranking: 151-200,https://www.careers360.com/colleges/rajalakshmi-engineering-college-chennai/be-computer-science-and-engineering-course,,,,
"SMS Medical College Jaipur - Sawai Man Singh Medical College, Jaipur",N/A,N/A,4.0/5,6 Reviews,NIRF Ranking: 151-200,https://www.careers360.com/colleges/sawai-man-singh-medical-college-jaipur/ms-obstetrics-and-gynaecology-course,,,,
"SKCET Coimbatore - Sri Krishna College of Engineering and Technology, Coimbatore",N/A,N/A,4.6/5,33 Reviews,NIRF Ranking: 151-200,https://www.careers360.com/colleges/sri-krishna-college-of-engineering-and-technology-coimbatore/be-information-technology-course,,,,
"SR University, Warangal",N/A,N/A,4.7/5,14 Reviews,NIRF Ranking: 151-200,https://www.careers360.com/university/sr-university-warangal/bsc-agriculture-hons-course,,,,
"Suresh Gyan Vihar University, Jaipur",N/A,N/A,3.6/5,44 Reviews,NIRF Ranking: 151-200,https://www.careers360.com/colleges/gyan-vihar-school-of-pharmacy-jaipur/bpharma-course,,,,
"Burdwan University - University of Burdwan, Bardhaman",N/A,N/A,4.6/5,17 Reviews,NIRF Ranking: 151-200,https://www.careers360.com/colleges/abhedananda-mahavidyalaya-birbhum/bsc-course,,,,
"Kalyani University - University of Kalyani, Kalyani",N/A,N/A,3.7/5,11 Reviews,NIRF Ranking: 151-200,https://www.careers360.com/colleges/nagar-college-murshidabad/bsc-course,,,,
"Lucknow University - University of Lucknow, Lucknow",N/A,N/A,4.3/5,501 Reviews,NIRF Ranking: 151-200,https://www.careers360.com/colleges/yuveraj-dutta-pg-college-lakhimpur-kheri/bsc-course,,,,
"Utkal University, Bhubaneswar",N/A,N/A,4.1/5,34 Reviews,NIRF Ranking: 151-200,https://www.careers360.com/colleges/govindpur-degree-college-cuttack/bsc-physics-chemistry-and-mathematics-course,,,,
"Vels University Chennai - Vel's Institute of Science Technology and Advanced Studies, Chennai",N/A,N/A,3.9/5,44 Reviews,NIRF Ranking: 151-200,https://www.careers360.com/colleges/school-of-computing-sciences-vels-institute-of-science-technology-and-advanced-studies-chennai/mca-course,,,,
"Vel Tech Chennai - Vel Tech Rangarajan Dr Sagunthala R and D Institute of Science and Technology, Chennai",N/A,N/A,4.1/5,78 Reviews,NIRF Ranking: 151-200,https://www.careers360.com/university/vel-tech-rangarajan-dr-sagunthala-r-and-d-institute-of-science-and-technology-chennai/btech-computer-science-and-engineering-cour,,,,
Visva Bharati University - Visva Bharati Santiniketan,N/A,N/A,4.1/5,17 Reviews,NIRF Ranking: 151-200,https://www.careers360.com/university/visva-bharati-santiniketan/msc-mathematics-course,,,,
"AAA College of Engineering and Technology, Sivakasi",N/A,N/A,5.0/5,2 Reviews,N/A,https://www.careers360.com/colleges/aaa-college-of-engineering-and-technology-sivakasi/be-computer-science-and-engineering-course,,,,
"Aacharya Sitaram Chaturvedi Mahila Mahavidyalaya, Varanasi",N/A,N/A,N/A,N/A,N/A,https://www.careers360.com/colleges/aacharya-sitaram-chaturvedi-mahila-mahavidyalaya-varanasi/bsc-course,,,,
"Aadarsh Nursing Institute, Raipur",N/A,N/A,N/A,N/A,N/A,https://www.careers360.com/colleges/aadarsh-nursing-institute-raipur/bsc-nursing-course,,,,
"Aadhavan College of Arts and Science, Alathur",N/A,N/A,N/A,N/A,N/A,https://www.careers360.com/colleges/aadhavan-college-of-arts-and-science-alathur/bsc-computer-science-course,,,,
"Aadhi Bhagawan College of Pharmacy, Tiruvannamalai",N/A,N/A,N/A,N/A,N/A,https://www.careers360.com/colleges/aadhi-bhagawan-college-of-pharmacy-tiruvannamalai/bpharma-course,,,,
"Aadishwar College of Technology, Gandhinagar",N/A,N/A,2.6/5,7 Reviews,N/A,https://www.careers360.com/colleges/aadishwar-college-of-technology-gandhinagar/btech-computer-engineering-course,,,,
"Aaditya Degree and PG College, Nellore",N/A,N/A,5.0/5,1 Reviews,N/A,https://www.careers360.com/colleges/aaditya-degree-and-pg-college-nellore/bsc-course,,,,
"AAEMF's Delight College of Pharmacy, Pune",N/A,N/A,N/A,N/A,N/A,https://www.careers360.com/colleges/aaemfs-delight-college-of-pharmacy-pune/bpharma-course,,,,
"AAEMF'S Delight Institute of Pharmacy, Pune",N/A,N/A,N/A,N/A,N/A,https://www.careers360.com/colleges/aaemfs-delight-institute-of-pharmacy-pune/bpharma-course,,,,
"AAFT University of Media and Arts, Raipur",N/A,N/A,4.6/5,5 Reviews,N/A,https://www.careers360.com/university/aaft-university-of-media-and-arts-raipur/bsc-fashion-design-course,,,,
"Aakar College of Management for Women, Nagpur",N/A,N/A,N/A,N/A,N/A,https://www.careers360.com/colleges/aakar-college-of-management-for-women-nagpur/bca-course,,,,
"Aala Hazrat Degree College, Bareilly",N/A,N/A,N/A,N/A,N/A,https://www.careers360.com/colleges/aala-hazrat-degree-college-bareilly/bsc-course,,,,
"Aalim Muhammed Salegh College of Engineering, Chennai",N/A,N/A,4.0/5,1 Reviews,N/A,https://www.careers360.com/colleges/aalim-muhammed-salegh-college-of-engineering-chennai/be-computer-science-engineering-course,,,,
"A and E College of Pharmacy, Samastipur",N/A,N/A,N/A,N/A,N/A,https://www.careers360.com/colleges/a-and-e-college-of-pharmacy-samastipur/bpharma-course,,,,
"A and M Institute of Computer and Technology, Pathankot",N/A,N/A,N/A,N/A,N/A,https://www.careers360.com/colleges/a-and-m-institute-of-computer-and-technology-pathankot/mca-course,,,,
"AMIMT, Pathankot - A and M Institute of Management and Technology, Pathankot",N/A,N/A,N/A,N/A,N/A,https://www.careers360.com/colleges/a-and-m-institute-of-management-and-technology-pathankot/bca-course,,,,
"Aaradhana Degree College, Ahore",N/A,N/A,N/A,N/A,N/A,https://www.careers360.com/colleges/aaradhana-degree-college-ahore/bsc-course,,,,
"AAR and BMR Degree College, Vijayawada",N/A,N/A,N/A,N/A,N/A,https://www.careers360.com/colleges/aar-and-bmr-degree-college-vijayawada/bsc-data-science-course,,,,
"AAR Mahaveer Engineering College, Keshavgiri",N/A,N/A,4.0/5,2 Reviews,N/A,https://www.careers360.com/colleges/aar-mahaveer-engineering-college-keshavgiri/btech-computer-science-engineering-course,,,,
"Aarogyam Institute of Paramedical and Allied Sciences, Roorkee",N/A,N/A,N/A,N/A,N/A,https://www.careers360.com/colleges/aarogyam-institute-of-paramedical-and-allied-sciences-roorkee/bsc-medical-laboratory-technology-course,,,,
"Aarogyam Nursing College, Roorkee",N/A,N/A,N/A,N/A,N/A,https://www.careers360.com/colleges/aarogyam-nursing-college-roorkee/bsc-nursing-course,,,,
"AVIT Kancheepuram - Aarupadai Veedu Institute of Technology, Kancheepuram",N/A,N/A,4.1/5,5 Reviews,N/A,https://www.careers360.com/colleges/aarupadai-veedu-institute-of-technology-kancheepuram/be-computer-science-and-engineering-course,,,,
"AVMC Puducherry - Aarupadai Veedu Medical College and Hospital, Puducherry",N/A,N/A,3.4/5,1 Reviews,N/A,https://www.careers360.com/colleges/aarupadai-veedu-medical-college-and-hospital-puducherry/ms-general-surgery-course,,,,
"Aarushi Group of Institutions, Warangal",N/A,N/A,N/A,N/A,N/A,https://www.careers360.com/colleges/aarushi-group-of-institutions-warangal/btech-civil-engineering-course,,,,
"Aaryan Mahila Mahavidyalaya, Shishu",N/A,N/A,N/A,N/A,N/A,https://www.careers360.com/colleges/aaryan-mahila-mahavidyalaya-shishu/bsc-course,,,,
"Aarya-Veer College of Engineering and Technology, Rajkot",N/A,N/A,N/A,N/A,N/A,https://www.careers360.com/colleges/aarya-veer-college-of-engineering-and-technology-rajkot/btech-civil-engineering-course,,,,
"Aashwasan College Education and Research Centre, Pali",N/A,N/A,N/A,N/A,N/A,https://www.careers360.com/colleges/aashwasan-college-education-and-research-centre-pali/bsc-course,,,,
"Aasra College, Bijnor",N/A,N/A,N/A,N/A,N/A,https://www.careers360.com/colleges/aasra-college-bijnor/bsc-physics-chemistry-and-mathematics-course,,,,
"Aastha Educational Institute, Modinagar",N/A,N/A,N/A,N/A,N/A,https://www.careers360.com/colleges/aastha-educational-institute-modinagar/bca-course,,,,
"Abacus Institute of Computer Application, Pune",N/A,N/A,N/A,N/A,N/A,https://www.careers360.com/colleges/abacus-institute-of-computer-application-pune/mca-course,,,,
"Abacus Institute of Engineering and Management, Hooghly",N/A,N/A,4.8/5,29 Reviews,N/A,https://www.careers360.com/colleges/abacus-institute-of-engineering-and-management-hooghly/btech-computer-science-course,,,,
"Abanindranath Tagore School of Creative Arts and Communication Studies, Silchar",N/A,N/A,N/A,N/A,N/A,https://www.careers360.com/colleges/abanindranath-tagore-school-of-creative-arts-and-communication-studies-silchar/phd-mass-communication-course,,,,
"Abasaheb Kakade College of B Pharmacy, Shevgaon",N/A,N/A,N/A,N/A,N/A,https://www.careers360.com/colleges/abasaheb-kakade-college-of-b-pharmacy-shevgaon/bpharma-course,,,,
"Abasaheb Marathe Arts and New Commerce Science College, Rajapur",N/A,N/A,N/A,N/A,N/A,https://www.careers360.com/colleges/abasaheb-marathe-arts-and-new-commerce-science-college-rajapur/bsc-course,,,,
"Abbas Khan College for Women, Bengaluru",N/A,N/A,N/A,N/A,N/A,https://www.careers360.com/colleges/abbas-khan-college-for-women-bengaluru/bca-course,,,,
"Abbnoor Institute of Information Technology, Faridkot",N/A,N/A,N/A,N/A,N/A,https://www.careers360.com/colleges/abbnoor-institute-of-information-technology-faridkot/bsc-course,,,,
"ABC College of Education, Patna",N/A,N/A,N/A,N/A,N/A,https://www.careers360.com/colleges/abc-college-of-education-patna/mca-course,,,,
"Abdul Ahad Azad Memorial College, Bemina",N/A,N/A,4.5/5,2 Reviews,N/A,https://www.careers360.com/colleges/abdul-ahad-azad-memorial-college-bemina/bsc-course,,,,
"Abdul Gaffar Mahavidyalaya, Unnao",N/A,N/A,N/A,N/A,N/A,https://www.careers360.com/colleges/abdul-gaffar-mahavidyalaya-unnao/bsc-course,,,,
"Abdulkalam Institute of Technological Sciences, Khammam",N/A,N/A,3.4/5,1 Reviews,N/A,https://www.careers360.com/colleges/abdulkalam-institute-of-technological-sciences-khammam/btech-computer-science-and-engineering-course,,,,
"Abdul Razaq Memorial Degree College, Shahpur",N/A,N/A,N/A,N/A,N/A,https://www.careers360.com/colleges/abdul-razaq-memorial-degree-college-shahpur/bsc-course,,,,
"ABES Engineering College, Ghaziabad",N/A,N/A,4.1/5,189 Reviews,N/A,https://www.careers360.com/colleges/abes-engineering-college-ghaziabad/btech-computer-science-and-engineering-course,,,,
"ABESIT Ghaziabad - ABES Institute of Technology, Ghaziabad",N/A,N/A,3.8/5,64 Reviews,N/A,https://www.careers360.com/colleges/abes-institute-of-technology-ghaziabad/btech-computer-science-and-engineering-course,,,,
"ABESIT College of Pharmacy, Ghaziabad",N/A,N/A,4.2/5,4 Reviews,N/A,https://www.careers360.com/colleges/abesit-college-of-pharmacy-ghaziabad/bpharma-course,,,,
"Abha Gaikwad-Patil College of Engineering, Nagpur",N/A,N/A,N/A,N/A,N/A,https://www.careers360.com/colleges/abha-gaikwad-patil-college-of-engineering-nagpur/be-civil-engineering-course,,,,
"Abhaya Group of Institutions, Bangalore",N/A,N/A,N/A,N/A,N/A,https://www.careers360.com/colleges/abhaya-group-of-institutions-bangalore/bsc-nursing-course,,,,
"Abhayapuri College, Bongaigaon",N/A,N/A,N/A,N/A,N/A,https://www.careers360.com/colleges/abhayapuri-college-bongaigaon/bsc-course,,,,
"Abhay Pratap Singh Degree College, Kaushambi",N/A,N/A,N/A,N/A,N/A,https://www.careers360.com/colleges/abhay-pratap-singh-degree-college-kaushambi/bsc-course,,,,
"Abhedananda Mahavidyalaya, Birbhum",N/A,N/A,N/A,N/A,N/A,https://www.careers360.com/colleges/abhedananda-mahavidyalaya-birbhum/bsc-course,,,,
"Abhilashi College of Nursing, Mandi",N/A,N/A,N/A,N/A,N/A,https://www.careers360.com/colleges/abhilashi-college-of-nursing-mandi/bsc-nursing-course,,,,
"Abhilashi College of Pharmacy, Mandi",N/A,N/A,N/A,N/A,N/A,https://www.careers360.com/colleges/abhilashi-college-of-pharmacy-mandi/bpharma-course,,,,
"Abhilashi Group of Institutions School of Pharmacy and Engineering and Technology, Mandi",N/A,N/A,N/A,N/A,N/A,https://www.careers360.com/colleges/abhilashi-group-of-institutions-school-of-pharmacy-and-engineering-and-technology-mandi/bpharma-course,,,,
"Abhilashi Institute of Management Studies, Mandi",N/A,N/A,N/A,N/A,N/A,https://www.careers360.com/colleges/abhilashi-institute-of-management-studies-mandi/bca-course,,,,
"Abhilashi PG Institute Sciences, Mandi",N/A,N/A,N/A,N/A,N/A,https://www.careers360.com/colleges/abhilashi-pg-institute-sciences-mandi/msc-botany-course,,,,
"Abhilashi University, Mandi",N/A,N/A,4.0/5,1 Reviews,N/A,https://www.careers360.com/university/abhilashi-university-mandi/btech-civil-engineering-course,,,,
"Abhinava Bharathi College of Pharmacy, Mandya",N/A,N/A,N/A,N/A,N/A,https://www.careers360.com/colleges/abhinava-bharathi-college-of-pharmacy-mandya/bpharma-course,,,,
"Abhinav College, Nagaur",N/A,N/A,N/A,N/A,N/A,https://www.careers360.com/colleges/abhinav-college-nagaur/bsc-biology-group-course,,,,
"Abhinav College of Arts Commerce and Science, Thane",N/A,N/A,N/A,N/A,N/A,https://www.careers360.com/colleges/abhinav-college-of-arts-commerce-and-science-thane/bsc-course,,,,
"Abhinav Education Society's College of Computer Science and Management, Pune",N/A,N/A,N/A,N/A,N/A,https://www.careers360.com/colleges/abhinav-education-societys-college-of-computer-science-and-management-pune/bsc-computer-science-course,,,,
"Abhinav Education Society's College of Engineering and Technology, Wadwadi",N/A,N/A,4.0/5,1 Reviews,N/A,https://www.careers360.com/colleges/abhinav-education-societys-college-of-engineering-and-technology-wadwadi/btech-artificial-intelligence-and-data-science-course,,,,
"Abhinav Education Societys College of Pharmacy B Pharm, Haveli",N/A,N/A,4.0/5,1 Reviews,N/A,https://www.careers360.com/colleges/abhinav-education-societys-college-of-pharmacy-b-pharm-haveli/bpharma-course,,,,
"Abhinav Education Society's Institute of Management and Research, Pune",N/A,N/A,N/A,N/A,N/A,https://www.careers360.com/colleges/abhinav-education-societys-institute-of-management-and-research-pune/mca-course,,,,
"Abhinav Hi-Tech College of Engineering, Hyderabad",N/A,N/A,3.5/5,2 Reviews,N/A,https://www.careers360.com/colleges/abhinav-hi-tech-college-of-engineering-hyderabad/btech-civil-engineering-course,,,,
"Abhinav Pragya Mahavidyalaya, Sarila",N/A,N/A,N/A,N/A,N/A,https://www.careers360.com/colleges/abhinav-pragya-mahavidyalaya-sarila/bsc-course-2,,,,
