College Name,Location,Fees,Rating,Reviews,NIRF Ranking,College URL,Course Title,Total Fees,Course Mode,Course Duration,Course Description,Eligibility Criteria,Selection Process,Entrance Exam,Total Seats
IIT Madras (IITM) - Indian Institute of Technology Madras,N/A,N/A,4.7/5,119 Reviews,NIRF Ranking: 1,https://www.careers360.com/university/indian-institute-of-technology-madras/btech-mechanical-engineering-course,B.Tech Mechanical Engineering at IIT Madras (IITM) Offline Course,General₹ 8.58 L,Full time,48 Months,The coveted Bachelors of Technology program awards students an undergraduate degree in an engineering discipline after four years of study. Entrance to the B.Tech programme is through the Joint Engineering Entrance (JEE) (Mains) and JEE (Advanced); conducted at various centres across the country. Admission to the branch of study is decided by the Joint Admission Committee.,"The candidates should satisfy at least one of the following two criteria for admission to IIT:(1) Must have secured at least 75% aggregate marks in the Class XII (or equivalent) Board examination. The aggregate marks for SC, ST, and PwD candidates should be at least 65%. Physics, Chemistry, and Mathematics are required as compulsory subjects in Class XII (or equivalent) Board examination.(2) Must be within the category-wise top 20 percentile of successful candidates in their respective Class XII (or equivalent) board examination with Physics, Chemistry, and Mathematics as compulsory subjects.The percentile calculation will be done for the required subjects in a single academic year only. Therefore, candidates appearing for improvement in Board examinations can EITHER appear in one or more subjects and secure 75% aggregate marks (65% for SC, ST, and PwD) after improvement, OR, appear for improvement in ALL subjects to be in top 20 percentile of the corresponding academic year.• The marks scored in the following five subjects will be considered for calculating the aggregate marks and the cut-off marks for fulfilling the top 20 percentile criterion.i. Physicsii. Chemistryiii. Mathematicsiv. A language (if the candidate has taken more than one language, then the language with the higher marks will be considered)v. Any subject other than the above four (the subject with the highest marks will be considered).",Admissions are done the basis of rank in JEE (Main) and JEE (Advanced).,JEE Advanced,215
"IISc Bangalore - Indian Institute of Science, Bangalore",N/A,N/A,4.7/5,43 Reviews,NIRF Ranking: 2,https://www.careers360.com/university/indian-institute-of-science-bangalore/mtech-computer-science-and-engineering-course,M.Tech Computer Science and Engineering at IISc Bangalore Offline Course,General₹ 28.40 K,Full time,24 Months,"Master of Technology (MTech) in Computer Science and Engineering is a full-time two-year postgraduate course and it is offered by the Indian Institute of Science, Bangalore.",A Candidate must be passed Bachelor’s degree holders in Engineering/Technology or its equivalent.Bachelor’s degree holders in Physics/ Chemistry/ Mathematics/ Statistics/ Computer Science/ Electronics followed by qualifications obtained through an examination conducted by professional societies recognized by UPSC/AICTE.Master’s degree holders in Science including Physics with Electronics/ Instrumentation/Geology/ Computer Applications/ Physical Sciences/ Mathematical Sciences as applicable to individual departments offering MTech programmes.All the candidates should qualify for the Graduate Aptitude Test in Engineering (GATE) for the M.Tech program.For Sponsored Candidates: BE / B Tech or equivalent degree in Computer Science / Engineering; Information Technology; Information Science/Engineering.,Selection is based on the Valid GATE score only.For Sponsored Candidates: Selection will be based on the performance in the interview.,GATE,62
IIT Bombay - Indian Institute of Technology Bombay,N/A,N/A,4.6/5,162 Reviews,NIRF Ranking: 3,https://www.careers360.com/university/indian-institute-of-technology-bombay/btech-mechanical-engineering-course,B.Tech Mechanical Engineering at IIT Bombay Offline Course,General₹ 8.69 L,Full time,48 Months,Bachelor of Technology in Mechanical Engineering is four years (8 Semester) full-time undergraduate engineering program offered by Indian Institute of Technology Bombay.,"The candidates should satisfy at least one of the following two criteria for admission to IITs:(1) Must have secured at least 75% aggregate marks in the Class XII (or equivalent) Board examination. The aggregate marks for SC, ST, and PwD candidates should be at least 65%. Physics, Chemistry, and Mathematics are required as compulsory subjects in Class XII (or equivalent) Board examination.(2) Must be within the category-wise top 20 percentile of successful candidates in their respective Class XII (or equivalent) board examination with Physics, Chemistry, and Mathematics as compulsory subjects.The percentile calculation will be done for the required subjects in a single academic year only. Therefore, candidates appearing for improvement in Board examinations can EITHER appear in one or more subjects and secure 75% aggregate marks (65% for SC, ST, and PwD) after improvement, OR, appear for improvement in ALL subjects to be in top 20 percentile of the corresponding academic year.• The marks scored in the following five subjects will be considered for calculating the aggregate marks and the cut-off marks for fulfilling the top 20 percentile criterion.i. Physicsii. Chemistryiii. Mathematicsiv. A language (if the candidate has taken more than one language, then the language with the higher marks will be considered)v. Any subject other than the above four (the subject with the highest marks will be considered).""",Admission to four-year Undergraduate programmes at IIT Bombay is Through the JEE Advanced Exam,JEE Advanced,169
IIT Delhi - Indian Institute of Technology Delhi,N/A,N/A,4.6/5,285 Reviews,NIRF Ranking: 4,https://www.careers360.com/university/indian-institute-of-technology-delhi/btech-electrical-engineering-course,B.Tech Electrical Engineering at IIT Delhi Offline Course,General₹ 8.58 L,Full time,48 Months,Bachelor of Technology (B.Tech) in Electrical Engineering is a four years full-time undergraduate Engineering course and it is offered by Indian Institute of Technology Delhi (IIT Delhi).,"A Candidate for admission to the four-year degree course in Engineering must have passed the Intermediate examination (10+2) of the Board of Intermediate Education with Physics, Chemistry, and Mathematics (PCM) as subjects or any other examination.",Admission to all Undergraduate Programmes through the Joint Entrance Examination (JEE) (Main and Advanced).,JEE Advanced,120
IIT Kanpur - Indian Institute of Technology Kanpur,N/A,N/A,4.4/5,161 Reviews,NIRF Ranking: 5,https://www.careers360.com/university/indian-institute-of-technology-kanpur/btech-electrical-engineering-course,B.Tech Electrical Engineering at IIT Kanpur Offline Course,General₹ 8.59 L,Full time,48 Months,Bachelor of Technology in Electrical Engineering is four years (8 Semester) full-time undergraduate engineering program offered by Indian Institute of Technology Kanpur.,"The candidates should satisfy at least one of the following two criteria for admission to IITs:(1) Must have secured at least 75% aggregate marks in the Class XII (or equivalent) Board examination. The aggregate marks for SC, ST, and PwD candidates should be at least 65%. Physics, Chemistry, and Mathematics are required as compulsory subjects in Class XII (or equivalent) Board examination.(2) Must be within the category-wise top 20 percentile of successful candidates in their respective Class XII (or equivalent) board examination with Physics, Chemistry, and Mathematics as compulsory subjects.The percentile calculation will be done for the required subjects in a single academic year only. Therefore, candidates appearing for improvement in Board examinations can EITHER appear in one or more subjects and secure 75% aggregate marks (65% for SC, ST, and PwD) after improvement, OR, appear for improvement in ALL subjects to be in top 20 percentile of the corresponding academic year.• The marks scored in the following five subjects will be considered for calculating the aggregate marks and the cut-off marks for fulfilling the top 20 percentile criterion.i. Physicsii. Chemistryiii. Mathematicsiv. A language (if the candidate has taken more than one language, then the language with the higher marks will be considered)v. Any subject other than the above four (the subject with the highest marks will be considered).",Admissions for B.Tech. program is made once a year through Joint Entrance Examination (JEE Advanced) conducted on an All India level.,JEE Advanced,192
IIT Kharagpur - Indian Institute of Technology Kharagpur,N/A,N/A,4.7/5,326 Reviews,NIRF Ranking: 6,https://www.careers360.com/university/indian-institute-of-technology-kharagpur/btech-mechanical-engineering-course,B.Tech Mechanical Engineering at IIT Kharagpur Offline Course,General₹ 8.81 L,Full time,48 Months,Bachelor of Technology (B.Tech) in Mechanical Engineering is a four-year (8 semesters) full-time undergraduate program offered at the Indian Institute of Technology Kharagpur.,"The final examination of the 10+2 system, conducted by a Central or State Board recognized by the Association of Indian Universities (AIU).Intermediate or two-year Pre-University examination conducted by a Board or University recognized by the Association of Indian Universities.The final examination of the two-year course of the Joint Services Wing of the National Defence Academy.Senior Secondary School Examination conducted by the National Institute of Open Schooling with a minimum of five subjects.Any Public School, Board or University examination in India or in a foreign country recognized as equivalent to the 10+2 system by the AIU.H.S.C. vocational examination.A Diploma recognized by the All India Council for Technical Education (AICTE) or a State Board of Technical Education of at least 3 years duration.General Certificate Education (GCE) examination (London, Cambridge or Sri Lanka) at the Advanced (A) level.High School Certificate Examination of the Cambridge University or International Baccalaureate Diploma of the International Baccalaureate Office, Geneva.Candidates who have completed Class XII (or equivalent) examination outside India or from a Board not specified above should produce a certificate from the AIU to the effect that the examination they have passed is equivalent to the Class XII examination.",Admission to undergraduate programmes in all IITs is tied to the Indian Institute of Technology Joint Entrance Examination (IIT-JEE). Candidates who qualify for admission through IIT-JEE can apply for admission in afour-year B.Tech (Bachelor of Technology) degree,JEE Advanced,144
AIIMS Delhi - All India Institute of Medical Sciences New Delhi,N/A,N/A,4.6/5,23 Reviews,NIRF Ranking: 7,https://www.careers360.com/university/all-india-institute-of-medical-sciences-new-delhi/bsc-nursing-hons-course,B.Sc Nursing Hons at AIIMS Delhi Offline Course,General₹ 6.26 K,Full time,48 Months,Bachelor of Science (Hons) in Nursing is a four-year full-time undergraduate nursing course and approved by INC.,"The candidate should have minimum aggregate marks required in qualifying examination i.e. 10+2 or equivalent:55% for Gen/OBC (50% in case of SCs/STs categories) in aggregate in English, Physics, Chemistry and Biology50% for Gen / OBC (45% in case of SCs / STs Categories) in aggregate in English, Physics, Chemistry and either Biology OR Mathematics.Note: 2. a) Candidates who are to appear in 12th class examination under 10+2 system or an equivalent examination in March/April 2018 and whose results are likely to be declared before 30th June, 2018 are also eligible to apply for B.Sc. (Hons.) Nursing, Bachelor of Optometry andB.Sc.(Hons.) Medical Technology in Radiography Courses. b) Candidates who are due to appear at the qualifying examination, or have already appeared and are awaiting result, can also apply for admission. But such candidates must furnish proof of passing the qualifying examination with requisite percentage of marks and subjects at the time of counselling failing which their candidature will be cancelled.",The seats will be filled strictly on merit on the basis of the marks secured by the candidates at the Entrance Examination conducted by the Institute.The Entrance Examination will be conducted in English & Hindi language.,N/A,96
IIT Roorkee - Indian Institute of Technology Roorkee,N/A,N/A,4.4/5,410 Reviews,NIRF Ranking: 8,https://www.careers360.com/university/indian-institute-of-technology-roorkee/btech-civil-engineering-course,B.Tech Civil Engineering at IIT Roorkee Offline Course,General₹ 8.90 L,Full time,48 Months,Bachelor of Technology in Civil Engineering is four years (8 Semester) full-time undergraduate engineering program offered by Indian Institute of Technology Roorkee.,"The final examination of the 10+2 system, conducted by a Central or State Board recognized by the Association of Indian Universities (AIU).Intermediate or two-year Pre-University examination conducted by a Board or University recognized by the Association of Indian Universities.Final examination of the two-year course of the Joint Services Wing of the National Defence Academy.Senior Secondary School Examination conducted by the National Institute of Open Schooling with a minimum of five subjects.Any Public School, Board or University examination in India or in a foreign country recognized as equivalent to the 10+2 system by the AIU.H.S.C. vocational examination.A Diploma recognized by the All India Council for Technical Education (AICTE) or a State Board of Technical Education of at least 3 years duration.General Certificate Education (GCE) examination (London, Cambridge or Sri Lanka) at the Advanced (A) level.High School Certificate Examination of the Cambridge University or International Baccalaureate Diploma of the International Baccalaureate Office, Geneva.Candidates who have completed Class XII (or equivalent) examination outside India or from a Board not specified above should produce a certificate from the AIU to the effect that the examination they have passed is equivalent to the Class XII examination.In case the Class XII examination is not a public examination, the candidate must have passed at least one public (Board or Pre-University) examination earlier.",Students are admitted to undergraduate courses through an All-India competition known as Joint Entrance Examination (JEE) conducted by all the IIT's,JEE Advanced,174
IIT Guwahati (IITG) - Indian Institute of Technology Guwahati,N/A,N/A,4.3/5,187 Reviews,NIRF Ranking: 9,https://www.careers360.com/university/indian-institute-of-technology-guwahati/btech-mechanical-engineering-course,B.Tech Mechanical Engineering at IIT Guwahati (IITG) Offline Course,General₹ 8.54 L,Full time,48 Months,Bachelor of Technology in Mechanical Engineering is four years (8 Semester) full-time undergraduate engineering program offered by Indian Institute of Technology Guwahati.,"The candidate must be the final examination of the 10+2 system, conducted by a Central or State Board recognized by the Association of Indian Universities (AIU).Intermediate or two-year Pre-University examination conducted by a Board or University recognized by the Association of Indian Universities.Final examination of the two-year course of the Joint Services Wing of the National Defence Academy.Senior Secondary School Examination conducted by the National Institute of Open Schooling with a minimum of five subjects.Any Public School, Board or University examination in India or in a foreign country recognized as equivalent to the 10+2 system by the AIU.H.S.C. vocational examination. A Diploma recognized by the All India Council for Technical Education (AICTE) or a State Board of Technical Education of at least 3 years duration.",Students are selected for admission to the above programmes through Joint Entrance Examination for IITs (IIT-JEE-Advance).,JEE Advanced,119
"JNU Delhi - Jawaharlal Nehru University, New Delhi",N/A,N/A,4.5/5,86 Reviews,NIRF Ranking: 10,https://www.careers360.com/colleges/faculty-of-technology-national-defence-academy-pune/btech-applied-electronics-and-communication-engineering-course,"B.Tech Applied Electronics and Communication Engineering at Faculty of Technology, National Defence Academy, Pune Offline Course",N/A,Full time,48 Months,"Bachelor of Technology (B.Tech) in Applied Electronics and Communication Engineering is a four-year full-time undergraduate program recognized by the All India Council for Technical Education (AICTE) and offered by the Jawaharlal Nehru University, New Delhi.","Passed 10+2 examination with Physics and Mathematics as compulsory subjects along with one of the Chemistry/ Biotechnology/ Biology/ Technical Vocational subject/ Computer Science/ Information Technology/ Informatics Practices/ Agriculture/ Engineering Graphics/ Business Studies. Obtained at least 45% marks (40% marks in case of candidates belonging to reserved category) in the above subjects taken together. OR Passed Diploma (in Engineering and Technology) examination with at least 45% marks (40% marks in case of candidates belonging to reserved category) subject to vacancies in the First Year, in case the vacancies at lateral entry are exhausted.",N/A,N/A,330
"BHU Varanasi - Banaras Hindu University, Varanasi",N/A,N/A,4.4/5,507 Reviews,NIRF Ranking: 11,https://www.careers360.com/university/banaras-hindu-university-varanasi/bsc-agriculture-hons-course,B.Sc Agriculture Hons at BHU Varanasi Offline Course,General₹ 80.00 K,Full time,48 Months,"Bachelor of Science in Agriculture (Hons) program the duration of four years (8 semesters) undergraduate program and it is offered by Banaras Hindu University, Varanasi.","A candidate shall be eligible for admission to B.Sc. (Hons.) Ag., if he/she has passed 10+2/Intermediate examination in agriculture or in Science (with Physics, Chemistry and Mathematics/Biology) or any other equivalent examination recognized by the University securing at least 50% marks in aggregate. For Scheduled Caste/Scheduled Tribe candidates, the eligibility will be as per the University rules.",N/A,CUET UG,154
IIT Hyderabad - Indian Institute of Technology Hyderabad,N/A,N/A,4.6/5,28 Reviews,NIRF Ranking: 12,https://www.careers360.com/university/indian-institute-of-technology-hyderabad/btech-computer-science-and-engineering-course,,,,,,,,,
"JMI New Delhi - Jamia Millia Islamia, New Delhi",N/A,N/A,4.5/5,405 Reviews,NIRF Ranking: 13,https://www.careers360.com/university/jamia-millia-islamia-new-delhi/btech-civil-engineering-course,,,,,,,,,
"Manipal Academy of Higher Education (MAHE) - Manipal Academy of Higher Education, Manipal",N/A,N/A,4.5/5,31 Reviews,NIRF Ranking: 14,https://www.careers360.com/colleges/manipal-institute-of-technology-manipal/btech-computer-science-and-engineering-course,,,,,,,,,
"DU Delhi - University of Delhi, Delhi",N/A,N/A,4.2/5,280 Reviews,NIRF Ranking: 15,https://www.careers360.com/colleges/lady-irwin-college-new-delhi/bsc-home-science-course,,,,,,,,,
"AMU Aligarh - Aligarh Muslim University, Aligarh",N/A,N/A,4.7/5,417 Reviews,NIRF Ranking: 16,https://www.careers360.com/colleges/zakir-husain-college-of-engineering-and-technology-aligarh-muslim-university-aligarh/btech-mechanical-engineering-course,,,,,,,,,
"Jadavpur University, Kolkata",N/A,N/A,4.6/5,231 Reviews,NIRF Ranking: 17,https://www.careers360.com/university/jadavpur-university-kolkata/be-civil-engineering-course,,,,,,,,,
"Amrita Vishwa Vidyapeetham, Coimbatore",N/A,N/A,4.3/5,121 Reviews,NIRF Ranking: 18,https://www.careers360.com/colleges/amrita-school-of-engineering-coimbatore/btech-computer-science-and-engineering-course,,,,,,,,,
"VIT Vellore - Vellore Institute of Technology, Vellore",N/A,N/A,4.4/5,798 Reviews,NIRF Ranking: 19,https://www.careers360.com/colleges/vellore-institute-of-technology-chennai-campus/btech-computer-science-and-engineering-course,,,,,,,,,
"SRM University Chennai - SRM Institute of Science and Technology, Chennai",N/A,N/A,4.3/5,737 Reviews,NIRF Ranking: 21,https://www.careers360.com/university/srm-institute-of-science-and-technology-chennai/btech-electronics-and-communication-engineering-course,,,,,,,,,
"BITS Pilani - Birla Institute of Technology and Science, Pilani",N/A,N/A,4.5/5,266 Reviews,NIRF Ranking: 23,https://www.careers360.com/university/birla-institute-of-technology-and-science-pilani/bpharma-hons-course,,,,,,,,,
"Siksha 'O' Anusandhan, Bhubaneswar",N/A,N/A,4.1/5,151 Reviews,NIRF Ranking: 24,https://www.careers360.com/university/siksha-o-anusandhan-bhubaneswar/btech-computer-science-and-engineering-course,,,,,,,,,
"University of Hyderabad - University of Hyderabad, Hyderabad",N/A,N/A,4.8/5,37 Reviews,NIRF Ranking: 25,https://www.careers360.com/university/university-of-hyderabad-hyderabad/msc-mathematics-course,,,,,,,,,
"Calcutta University - University of Calcutta, Kolkata",N/A,N/A,4.2/5,57 Reviews,NIRF Ranking: 26,https://www.careers360.com/colleges/bangabasi-college-kolkata/bsc-course,,,,,,,,,
"Homi Bhabha National Institute, Mumbai",N/A,N/A,N/A,N/A,NIRF Ranking: 27,https://www.careers360.com/colleges/tata-memorial-hospital-mumbai/mch-surgical-oncology-course,,,,,,,,,
"KIIT University - Kalinga Institute of Industrial Technology, Bhubaneswar",N/A,N/A,4.3/5,567 Reviews,NIRF Ranking: 28,https://www.careers360.com/university/kalinga-institute-of-industrial-technology-bhubaneswar/btech-computer-science-and-engineering-course,,,,,,,,,
IIT Gandhinagar (IIT GN) - Indian Institute of Technology Gandhinagar,N/A,N/A,4.4/5,21 Reviews,NIRF Ranking: 29,https://www.careers360.com/university/indian-institute-of-technology-gandhinagar/msc-chemistry-course,,,,,,,,,
IIT BHU - Indian Institute of Technology Banaras Hindu University Varanasi,N/A,N/A,4.6/5,161 Reviews,NIRF Ranking: 30,https://www.careers360.com/university/indian-institute-of-technology-banaras-hindu-university-varanasi/btech-chemical-engineering-course,,,,,,,,,
NIT Trichy - National Institute of Technology Tiruchirappalli,N/A,N/A,4.4/5,305 Reviews,NIRF Ranking: 31,https://www.careers360.com/university/national-institute-of-technology-tiruchirappalli/btech-computer-science-and-engineering-course,,,,,,,,,
IIT Indore - Indian Institute of Technology Indore,N/A,N/A,4.6/5,36 Reviews,NIRF Ranking: 33,https://www.careers360.com/university/indian-institute-of-technology-indore/btech-mechanical-engineering-course,,,,,,,,,
NIT Rourkela - National Institute of Technology Rourkela,N/A,N/A,4.6/5,341 Reviews,NIRF Ranking: 34,https://www.careers360.com/university/national-institute-of-technology-rourkela/btech-computer-science-and-engineering-course,,,,,,,,,
IIT ISM Dhanbad - Indian Institute of Technology Indian School of Mines Dhanbad,N/A,N/A,4.3/5,204 Reviews,NIRF Ranking: 35,https://www.careers360.com/university/indian-institute-of-technology-indian-school-of-mines-dhanbad/btech-computer-science-and-engineering-course,,,,,,,,,
"JSS Academy of Higher Education and Research, Mysuru",N/A,N/A,4.2/5,2 Reviews,NIRF Ranking: 36,https://www.careers360.com/colleges/school-of-life-sciences-jss-academy-of-higher-education-and-research-mysuru/msc-microbiology-course,,,,,,,,,
"UNIPUNE (Pune University) - Savitribai Phule Pune University, Pune",N/A,N/A,4.3/5,78 Reviews,NIRF Ranking: 37,https://www.careers360.com/colleges/vishwakarma-institute-of-technology-pune/btech-computer-engineering-course,,,,,,,,,
"Kerala University - University of Kerala, Thiruvananthapuram",N/A,N/A,4.5/5,4 Reviews,NIRF Ranking: 38,https://www.careers360.com/colleges/university-college-of-engineering-kariavattom/btech-computer-science-and-engineering-course,,,,,,,,,
JIPMER Puducherry - Jawaharlal Institute of Postgraduate Medical Education and Research Puducherry,N/A,N/A,4.8/5,6 Reviews,NIRF Ranking: 39,https://www.careers360.com/university/jawaharlal-institute-of-postgraduate-medical-education-and-research-puducherry/bsc-nursing-course,,,,,,,,,
"KL University Guntur - Koneru Lakshmaiah Education Foundation, Guntur",N/A,N/A,4.4/5,151 Reviews,NIRF Ranking: 40,https://www.careers360.com/university/koneru-lakshmaiah-education-foundation-guntur/btech-electronics-and-communication-engineering-course,,,,,,,,,
IISER Pune - Indian Institute of Science Education and Research Pune,N/A,N/A,4.1/5,8 Reviews,NIRF Ranking: 42,https://www.careers360.com/university/indian-institute-of-science-education-and-research-pune/phd-biology-course,,,,,,,,,
"Thapar Institute of Engineering and Technology, Patiala",N/A,N/A,4.3/5,337 Reviews,NIRF Ranking: 43,https://www.careers360.com/university/thapar-institute-of-engineering-and-technology-patiala/be-computer-engineering-course,,,,,,,,,
"Bharathiar University - Bharathiar University, Coimbatore",N/A,N/A,4.1/5,13 Reviews,NIRF Ranking: 44,https://www.careers360.com/colleges/cms-college-of-science-and-commerce-coimbatore/bca-course,,,,,,,,,
"LPU Jalandhar - Lovely Professional University, Phagwara",N/A,N/A,4.4/5,1152 Reviews,NIRF Ranking: 45,https://www.careers360.com/university/lovely-professional-university-phagwara/phd-geography-course,,,,,,,,,
NIT Surathkal (NITK) - National Institute of Technology Karnataka Surathkal,N/A,N/A,4.4/5,95 Reviews,NIRF Ranking: 46,https://www.careers360.com/university/national-institute-of-technology-karnataka-surathkal/btech-mechanical-engineering-course,,,,,,,,,
"SASTRA University Thanjavur - Shanmugha Arts Science Technology Research and Academy, Thanjavur",N/A,N/A,4.2/5,183 Reviews,NIRF Ranking: 47,https://www.careers360.com/university/shanmugha-arts-science-technology-research-and-academy-thanjavur/mca-online-course,,,,,,,,,
IIT Ropar (IIT-RPR) - Indian Institute of Technology Ropar,N/A,N/A,4.5/5,126 Reviews,NIRF Ranking: 48,https://www.careers360.com/university/indian-institute-of-technology-ropar/btech-computer-science-and-engineering-course,,,,,,,,,
"Amity University, Noida",N/A,N/A,4.1/5,401 Reviews,NIRF Ranking: 49,https://www.careers360.com/colleges/amity-school-of-engineering-noida/btech-computer-science-and-engineering-course,,,,,,,,,
"Kalasalingam Academy of Research and Education, Virudhunagar",N/A,N/A,4.0/5,35 Reviews,NIRF Ranking: 50,https://www.careers360.com/university/kalasalingam-academy-of-research-and-education-virudhunagar/btech-computer-science-and-engineering-course,,,,,,,,,
"CUSAT Kochi - Cochin University of Science and Technology, Kochi",N/A,N/A,4.3/5,36 Reviews,NIRF Ranking: 51,https://www.careers360.com/colleges/school-of-engineering-cochin-university-of-science-and-technology-ernakulam/btech-marine-engineering-course,,,,,,,,,
NIT Warangal - National Institute of Technology Warangal,N/A,N/A,4.6/5,142 Reviews,NIRF Ranking: 53,https://www.careers360.com/university/national-institute-of-technology-warangal/btech-computer-science-and-engineering-course,,,,,,,,,
NIT Calicut - National Institute of Technology Calicut,N/A,N/A,4.3/5,154 Reviews,NIRF Ranking: 54,https://www.careers360.com/university/national-institute-of-technology-calicut/btech-chemical-engineering-course,,,,,,,,,
"Bharathidasan University - Bharathidasan University, Tiruchirappalli",N/A,N/A,4.2/5,7 Reviews,NIRF Ranking: 55,https://www.careers360.com/colleges/bishop-heber-college-tiruchirappalli/bca-self-finance-course,,,,,,,,,
"ICT Mumbai - Institute of Chemical Technology, Mumbai",N/A,N/A,4.5/5,25 Reviews,NIRF Ranking: 56,https://www.careers360.com/university/institute-of-chemical-technology-mumbai/be-chemical-engineering-course,,,,,,,,,
"Gauhati University - Gauhati University, Guwahati",N/A,N/A,3.9/5,28 Reviews,NIRF Ranking: 57,https://www.careers360.com/colleges/madhab-choudhury-college-barpeta/bsc-course,,,,,,,,,
"BBAU Lucknow - Babasaheb Bhimrao Ambedkar University, Lucknow",N/A,N/A,4.4/5,46 Reviews,NIRF Ranking: 58,https://www.careers360.com/university/babasaheb-bhimrao-ambedkar-university-lucknow/msc-mathematics-course,,,,,,,,,
"Panjab University (PUCHD) - Panjab University, Chandigarh",N/A,N/A,4.2/5,127 Reviews,NIRF Ranking: 60,https://www.careers360.com/colleges/dav-college-chandigarh/bsc-non-medical-course,,,,,,,,,
IISER Kolkata - Indian Institute of Science Education and Research Kolkata,N/A,N/A,3.9/5,4 Reviews,NIRF Ranking: 61,https://www.careers360.com/university/indian-institute-of-science-education-and-research-kolkata/ms-chemical-sciences-course,,,,,,,,,
"Jamia Hamdard, New Delhi",N/A,N/A,4.4/5,111 Reviews,NIRF Ranking: 62,https://www.careers360.com/university/jamia-hamdard-new-delhi/btech-computer-science-and-engineering-course,,,,,,,,,
IISER Mohali - Indian Institute of Science Education and Research Mohali,N/A,N/A,4.3/5,10 Reviews,NIRF Ranking: 64,https://www.careers360.com/university/indian-institute-of-science-education-and-research-mohali/phd-biological-sciences-course,,,,,,,,,
"Madras University - University of Madras, Chennai",N/A,N/A,4.4/5,9 Reviews,NIRF Ranking: 64,https://www.careers360.com/colleges/sri-sankara-arts-and-science-college-kancheepuram/bca-course,,,,,,,,,
"DTU Delhi - Delhi Technological University, Delhi",N/A,N/A,4.5/5,445 Reviews,NIRF Ranking: 66,https://www.careers360.com/university/delhi-technological-university-delhi/btech-computer-science-and-engineering-course,,,,,,,,,
"MG University (MGU) - Mahatma Gandhi University, Kottayam",N/A,N/A,3.6/5,6 Reviews,NIRF Ranking: 67,https://www.careers360.com/colleges/nagarjuna-government-college-nalgonda/bsc-life-sciences-course,,,,,,,,,
IIT Jodhpur - Indian Institute of Technology Jodhpur,N/A,N/A,4.4/5,68 Reviews,NIRF Ranking: 68,https://www.careers360.com/university/indian-institute-of-technology-jodhpur/btech-computer-science-and-engineering-course,,,,,,,,,
"Kashmir University - University of Kashmir, Srinagar",N/A,N/A,4.0/5,20 Reviews,NIRF Ranking: 69,https://www.careers360.com/colleges/government-degree-college-for-women-anantnag/bsc-home-science-course,,,,,,,,,
"Osmania University - Osmania University, Hyderabad",N/A,N/A,4.0/5,52 Reviews,NIRF Ranking: 70,https://www.careers360.com/colleges/lords-institute-of-engineering-and-technology-hyderabad/btech-computer-science-and-engineering-course,,,,,,,,,
"DMIHER - Datta Meghe Institute of Higher Education and Research, Wardha",N/A,N/A,4.4/5,5 Reviews,NIRF Ranking: 71,https://www.careers360.com/colleges/smt-radhikabai-meghe-memorial-college-of-nursing-wardha/bsc-nursing-course,,,,,,,,,
IIT Mandi - Indian Institute of Technology Mandi,N/A,N/A,4.4/5,27 Reviews,NIRF Ranking: 72,https://www.careers360.com/university/indian-institute-of-technology-mandi/btech-computer-science-and-engineering-course,,,,,,,,,
IIT Patna - Indian Institute of Technology Patna,N/A,N/A,4.7/5,55 Reviews,NIRF Ranking: 73,https://www.careers360.com/university/indian-institute-of-technology-patna/btech-mechanical-engineering-course,,,,,,,,,
AIIMS Rishikesh - All India Institute of Medical Sciences Rishikesh,N/A,N/A,4.7/5,7 Reviews,NIRF Ranking: 74,https://www.careers360.com/university/all-india-institute-of-medical-sciences-rishikesh/bsc-nursing-hons-course,,,,,,,,,
ISI Kolkata - Indian Statistical Institute Kolkata,N/A,N/A,4.0/5,14 Reviews,NIRF Ranking: 75,https://www.careers360.com/university/indian-statistical-institute-kolkata/bachelor-of-mathematics-hons-course,,,,,,,,,
"Alagappa University - Alagappa University, Karaikudi",N/A,N/A,4.2/5,4 Reviews,NIRF Ranking: 76,https://www.careers360.com/colleges/remo-international-college-chennai/bsc-aviation-course,,,,,,,,,
VNIT Nagpur - Visvesvaraya National Institute of Technology Nagpur,N/A,N/A,4.2/5,124 Reviews,NIRF Ranking: 77,https://www.careers360.com/university/visvesvaraya-national-institute-of-technology-nagpur/btech-civil-engineering-course,,,,,,,,,
IISER Bhopal - Indian Institute of Science Education and Research Bhopal,N/A,N/A,4.3/5,12 Reviews,NIRF Ranking: 78,https://www.careers360.com/university/indian-institute-of-science-education-and-research-bhopal/msc-mathematics-course,,,,,,,,,
"Graphic Era University, Dehradun",N/A,N/A,4.1/5,193 Reviews,NIRF Ranking: 79,https://www.careers360.com/university/graphic-era-university-dehradun/btech-computer-science-and-engineering-course,,,,,,,,,
"PAU Ludhiana - Punjab Agricultural University, Ludhiana",N/A,N/A,4.2/5,7 Reviews,NIRF Ranking: 80,https://www.careers360.com/university/punjab-agricultural-university-ludhiana/bsc-agriculture-hons-course,,,,,,,,,
"SSN College of Engineering - Sri Sivasubramaniya Nadar College of Engineering, Kalavakkam",N/A,N/A,4.6/5,65 Reviews,NIRF Ranking: 81,https://www.careers360.com/colleges/sri-sivasubramaniya-nadar-college-of-engineering-kalavakkam/btech-information-technology-course,,,,,,,,,
MNIT Jaipur - Malaviya National Institute of Technology Jaipur,N/A,N/A,4.3/5,277 Reviews,NIRF Ranking: 82,https://www.careers360.com/university/malaviya-national-institute-of-technology-jaipur/btech-electronics-and-communication-engineering-course,,,,,,,,,
AIIMS Jodhpur - All India Institute of Medical Sciences Jodhpur,N/A,N/A,4.6/5,4 Reviews,NIRF Ranking: 83,https://www.careers360.com/university/all-india-institute-of-medical-sciences-jodhpur/bsc-nursing-hons-course,,,,,,,,,
"Sathyabama University - Sathyabama Institute of Science and Technology, Chennai",N/A,N/A,4.2/5,164 Reviews,NIRF Ranking: 85,https://www.careers360.com/university/sathyabama-institute-of-science-and-technology-chennai/be-computer-science-and-engineering-course,,,,,,,,,
"Mysore University - University of Mysore, Mysore",N/A,N/A,4.2/5,22 Reviews,NIRF Ranking: 86,https://www.careers360.com/colleges/jss-college-of-arts-commerce-and-science-mysore/bca-course,,,,,,,,,
"Jammu University - University of Jammu, Jammu",N/A,N/A,3.7/5,50 Reviews,NIRF Ranking: 87,https://www.careers360.com/colleges/model-institute-of-engineering-and-technology-jammu/be-computer-science-and-engineering-course,,,,,,,,,
"KGMU Lucknow - King George's Medical University, Lucknow",N/A,N/A,4.6/5,19 Reviews,NIRF Ranking: 88,https://www.careers360.com/university/king-georges-medical-university-lucknow/bsc-nursing-course,,,,,,,,,
"Shoolini University Solan - Shoolini University of Biotechnology and Management Sciences, Solan",N/A,N/A,4.4/5,173 Reviews,NIRF Ranking: 89,https://www.careers360.com/university/shoolini-university-of-biotechnology-and-management-sciences-solan/bpharma-course,,,,,,,,,
"Christ University - Christ University, Bangalore",N/A,N/A,4.2/5,460 Reviews,NIRF Ranking: 90,https://www.careers360.com/colleges/christ-university-kengeri-campus-bengaluru/btech-computer-science-and-engineering-course,,,,,,,,,
"Bharath Institute of Higher Education and Research, Chennai",N/A,N/A,3.8/5,70 Reviews,NIRF Ranking: 91,https://www.careers360.com/university/bharath-institute-of-higher-education-and-research-chennai/btech-computer-science-and-engineering-course,,,,,,,,,
NIT Silchar - National Institute of Technology Silchar,N/A,N/A,4.3/5,164 Reviews,NIRF Ranking: 92,https://www.careers360.com/university/national-institute-of-technology-silchar/btech-electrical-engineering-course,,,,,,,,,
NIT Durgapur - National Institute of Technology Durgapur,N/A,N/A,4.1/5,168 Reviews,NIRF Ranking: 93,https://www.careers360.com/university/national-institute-of-technology-durgapur/btech-computer-science-and-engineering-course,,,,,,,,,
"Gujarat University - Gujarat University, Ahmedabad",N/A,N/A,3.8/5,20 Reviews,NIRF Ranking: 94,https://www.careers360.com/colleges/samarpan-college-of-science-and-commerce-gandhinagar/bsc-course,,,,,,,,,
"Shiv Nadar University, Greater Noida",N/A,N/A,4.6/5,100 Reviews,NIRF Ranking: 95,https://www.careers360.com/university/shiv-nadar-university-greater-noida/btech-computer-science-and-engineering-course,,,,,,,,,
"Sri Ramachandra Institute of Higher Education and Research, Chennai",N/A,N/A,4.3/5,3 Reviews,NIRF Ranking: 96,https://www.careers360.com/university/sri-ramachandra-institute-of-higher-education-and-research-chennai/bsc-biomedical-sciences-hons-course,,,,,,,,,
"ANU Guntur - Acharya Nagarjuna University, Guntur",N/A,N/A,4.8/5,94 Reviews,NIRF Ranking: 97,https://www.careers360.com/colleges/rvr-and-jc-college-of-engineering-guntur/btech-computer-science-and-engineering-course,,,,,,,,,
"TISS Mumbai - Tata Institute of Social Sciences, Mumbai",N/A,N/A,4.7/5,82 Reviews,NIRF Ranking: 98,https://www.careers360.com/university/tata-institute-of-social-sciences-mumbai/bs-analytics-and-sustainability-studies-course,,,,,,,,,
AIIMS Patna - All India Institute of Medical Sciences Patna,N/A,N/A,4.8/5,2 Reviews,NIRF Ranking: 99,https://www.careers360.com/university/all-india-institute-of-medical-sciences-patna/ms-obstetrics-and-gynaecology-course,,,,,,,,,
"Periyar University - Periyar University, Salem",N/A,N/A,4.4/5,13 Reviews,NIRF Ranking: 100,https://www.careers360.com/colleges/don-bosco-college-dharmapuri/bsc-mathematics-course,,,,,,,,,
"Ashoka University, Sonepat",N/A,N/A,4.5/5,2 Reviews,NIRF Ranking: 101-150,https://www.careers360.com/university/ashoka-university-sonepat/bsc-biology-hons-course,,,,,,,,,
"Banasthali Vidyapith, Banasthali",N/A,N/A,4.5/5,585 Reviews,NIRF Ranking: 101-150,https://www.careers360.com/university/banasthali-vidyapith-banasthali/btech-computer-science-and-engineering-course,,,,,,,,,
"Bangalore University - Bangalore University, Bangalore",N/A,N/A,4.4/5,18 Reviews,NIRF Ranking: 101-150,https://www.careers360.com/colleges/padmashree-institute-of-management-and-sciences-bangalore/bsc-biotechnology-course,,,,,,,,,
"BIT Mesra - Birla Institute of Technology, Mesra",N/A,N/A,4.2/5,215 Reviews,NIRF Ranking: 101-150,https://www.careers360.com/university/birla-institute-of-technology-mesra/btech-chemical-engineering-course,,,,,,,,,
"Central University of Punjab, Bathinda",N/A,N/A,4.6/5,37 Reviews,NIRF Ranking: 101-150,https://www.careers360.com/colleges/department-of-pharmaceutical-sciences-and-natural-products-central-university-of-punjab-bathinda/bpharma-course,,,,,,,,,
"Central University of Tamil Nadu, Thiruvarur",N/A,N/A,4.4/5,6 Reviews,NIRF Ranking: 101-150,https://www.careers360.com/university/central-university-of-tamil-nadu-thiruvarur/msc-geography-course,,,,,,,,,
"CCSHAU Hisar - Chaudhary Charan Singh Haryana Agricultural University, Hisar",N/A,N/A,4.4/5,18 Reviews,NIRF Ranking: 101-150,https://www.careers360.com/university/chaudhary-charan-singh-haryana-agricultural-university-hisar/bsc-agricultural-hons-course,,,,,,,,,
"Chettinad Academy of Research and Education, Kelambakkam",N/A,N/A,4.0/5,3 Reviews,NIRF Ranking: 101-150,https://www.careers360.com/colleges/chettinad-college-of-nursing-kelambakkam/bsc-nursing-course,,,,,,,,,
